2 people in front of 2 people. 2 people behind 2 people and 2 people beside 2 people. How many people are there?,Four.
3 point goal. What am I?,Field Goal.
81 x 9 = 801. What do you need to do to make this equation true?,Turn it upside down. 108 = 6 x 18.
A beacon from home to guide your way. It can be a lifesaver on a stormy day. What is it?,Lighthouse.
A beautiful succession of sounds?,Music.
A beggar's brother went out to sea and drowned. But the man who drowned had no brother. Who was the beggar to the man who drowned?,Sister.
A beverage named after a stick. Also combats the stains of another beverage?,ClubSoda.
A bird done at every meal?,Swallow.
A bird that is too large to fly?,BigBird.
"A bird that is: Nothing, Twice yourself, Fifty?",Owl.
A blind superhero and Evel Knievel's profession?,Daredevil.
A blue house is made of blue bricks. A yellow house is made of yellow bricks. What would a green house be made of?,Glass.
"A book once owned by the wealthy, now rare to find. Never for sale and often left behind. What am I?",Phonebook.
"A box without hinges, lock or key, yet golden treasure lies within?",Egg.
"A breakfast food that is cracked from white shells and is often scrambled. Usually served with bacon, sausage, toast or pancakes?",Eggs.
"A bus driver was heading down a busy street in the city. He went past three stop signs without stopping, went the wrong way down a one-way street and answered a message on his phone. But the bus driver didn’t break any traffic laws. How?","He was walking, not driving."
A butcher is 6 feet tall and wears a size 12 shoe. What does he weigh?,"Meat, of course."
A candy whose name is reminiscent of a small laugh?,Snickers.
A caribbean shape that makes ships disappear?,Triangle.
"A cat wants to get in better shape. She’s going to start by climbing the stairs. Starting on the fourth floor, she climbs up five stories, down seven stories, up six stories, down three stories and up four stories again. What floor is she on?",The ninth floor.
A cat-like name for those of the left handed persuasion which is very common in boxing?,Southpaw.
A cat-like nickname for those of the left handed persuasion?,SouthPaw.
A celebrity under the sea?,Starfish.
A certain crime is punishable if attempted. But not punishable if committed. What is it?,Suicide.
A certain wizard resided in a city made from this gemstone?,Emerald.
"A circle of stones, never in rows. Stacked one on the other, mystery it sows. What is it?",Stonehenge.
A close relative of ketchup that people often spread on their dog?,Mustard.
"A cloud was my mother, the wind is my father. My son is the cool stream and my daughter is the fruit of the land. A rainbow is my bed, the earth my final resting place. And I'm the torment of man?",Rain.
A colorful cuisine without flesh?,Vegetable.
A common need for both courage and hardcover for books?,Spine.
A common place to find can-can girls and drunk cowboys. What place is this?,Saloon.
"A container holding water but not a cup. If you want to find me, look up. What am I?",Coconut.
A cowboy comes into town on Friday. He stays two nights at a local hotel. He leaves on Friday. How is this possible?,His horse's name is Friday.
"A cowgirl road into town on Friday. Three days later, she left on Friday. How is that possible?",Friday is the name of her horse.
A crafty use of long pieces of wool to make a scarf?,Knit.
A cuisine without flesh?,Vegetarian.
"A dagger thrust at my own heart, dictates the way I'm swayed. Left I stand and right I yield, to the twisting of the blade?",Lock.
A dark-colored creature serenaded by Lennon and McCartney?,Blackbird.
A defendant will go free if a reasonable amount of this exists?,Doubt.
A delicious way of presenting numbers?,PieChart.
A desert oasis where money magically disappears from your pocket?,LasVegas.
A desire to consume?,Hunger.
A device for finding furniture in the dark?,Shin.
A device that nearly everyone has that can freeze anyone it sees. What is it?,Camera.
A disposable item to keep your waste organized?,Trashbag.
A DJ does this to records. I do it to mosquito bites?,Scratch.
A doctor gives you three pills and tells you to take one every half an hour. How long will the pills last?,One Hour.
A doctor might remove one from the neck of a Dracula victim?,Fang.
"A dragons tooth in a mortals hand, I kill, I maim, I divide the land?",Sword.
"A dragons tooth in a mortals hand, I kill, I maim, I divide the land. What am I?",Sword.
A drinkable phase of matter?,Liquid.
A famous home without color and with wings?,WhiteHouse.
A farmer has 17 sheep and all but 9 run away. how many are left?,Nine.
A fashion statement whose name sounds like the upper part of a mobile war machine?,TankTop.
A father's and mother's child I am one but I am no one's son. Who am I?,Daughter.
"A father's child, a mother's child, yet no one's son?",Daughter.
"A father's child, a mother's child, yet no one's son. Who am I?",Daughter.
A favored material among biker gangs and superheroes?,Leather.
"A first job for many kids, this could be described as ""Media Distribution Management.""?",PaperRoute.
"A flash of light on a grey day. If you're made of metal, you best stay away. What am I?",Lightning.
A gentleman whose offspring have successfully produced offspring of their own?,Grandpa.
A girl fell off a 20-foot ladder. She wasn’t hurt. Why?,She fell off the bottom step.
A girl has as many brothers as sisters but each brother has only half as many brothers as sisters. How many brothers and sisters are there in the family?,Four sisters and three brothers.
"A girl is sitting in a house at night that has no lights on at all. There is no lamp, no candle, nothing. Yet she is reading. How?",The woman is blind and she is reading Braille.
A goofy creature that produces fine wool and like to spit at you?,Llama.
A great mysterious place that the bold have been known to journey into?,Unknown.
A great mystery that the bold have been known to journey into?,Unknown.
A group of bunnies were having a birthday party. What kind of music were they listening to?,Hip hop music.
A group that manages the winged engines of war?,AirForce.
A gruesome betrayal?,BackStab.
A hammer that brings a room to order?,Gavel.
A hand without flesh and nothing can I hold. My grip cannot be used until I am sold. What am I?,Gloves.
"A harvest sown and reaped on the same day in an unplowed field. Which increases without growing, remains whole though it is eaten within and without. Is useless and yet the staple of nations?",War.
"A hill full, a hole full, yet you cannot catch a bowl full?",Mist.
A hold leading in a hold leading out I connect to a cavern that is slimy throughout?,Nose.
"A hole in a pole, though I fill a hole in white. I'm used more by the day and less by the night?",Eye.
"A hole in a pole. Though I fill a hole in white, I'm used more b the day and less by the night. What am I?",Eye.
"A horrid monster hides from the day, with many legs and many eyes. With silver chains it catches prey. And eats it all before it dies. Yet in every cottage does it stay. And every castle beneath the sky?",Spider.
"A house full, a yard full, a chimney full, no one can get a spoonful?",Smoke.
A house has 4 walls. All of the walls are facing south and a bear is circling the house. What color is the bear?,White.
A house of wood in a hidden place. Built without nails or glue. High above the earthen ground. It holds pale gems of blue?,Nest.
"A house where you are brought, If they find you or get caught. If you cross the government, This is where you will be sent?",Jail.
"A house with two occupants, sometimes one, rarely three. Break the walls, eat the boarders, then throw away me?",Peanut.
"A hundred years I once did live and often wholesome food did give, yet all that time I ne'er did roam, so much as a half a mile from my home, my days were spent devoid of strife, until at last I lost my life. And since my death – I pray give ear, I oft have traveled far and near?",Tree.
"A job that involves sitting in a highchair, wearing a black gown and smacking things with a mallet?",Judge.
A kind of game with love and service played by singles and pairs?,Tennis.
A kind of shower that lighten up the sky?,Meteor.
"A kind of weather that comes your way but add a ""D"" and it will run away?",Drain.
A large oasis in the desert. Come with cash and leave with none. What am I?,Las Vegas.
"A leathery snake, with a stinging bite. I'll stay coiled up, unless I must fight?",Whip.
A life or death skill for gunifghters?,QuickDraw.
"A little girl goes to the store and buys one dozen eggs. As she is going home, all but three break. How many eggs are left unbroken?",Three.
"A little house full of meat, no door to go in and eat?",Nut.
A little pool with two layers of wall around it. One white and soft and the other dark and hard. Amidst a light brown grassy lawn with an outline of a green grass?,Coconut.
A locked sphere without hinges or key. Break me open and golden treasures youll see?,Egg.
A man calls his dog from the opposite side of the river. The dog crosses the river without getting wet and without using a bridge or boat. How?,The river was frozen.
"A man describes his daughters, saying, ""They are all blonde but two; all brunette but two; and all redheaded but two."" How many daughters does he have?","Three: A blonde, a brunette and a redhead."
A man dies of old age on his 25th birthday. How is this possible?,He was born on February 29.
A man holds $5.50 in his hand but only has one coin. How is this possible?,He has a $5 bill and one 50-cent piece.
"A man looks at a painting and says, ""Brothers and sisters I have none but that man’s father is my father’s son."" Who is in the painting?",His son.
"A man looks at a painting in a museum and says, ""Brothers and sisters I have none but that man’s father is my father’s son."" Who is in the painting?",The man’s son.
"A man says, ""brothers and sisters, have I none but that man’s father is my father’s son."" Who is he pointing at?",Son.
"A man started to town with a fox, a goose and a sack of corn. He came to a stream which he had to cross in a tiny boat. He could only take one across at a time. He could not leave the fox alone with the goose or the goose alone with the corn. How did he get them all safely over the stream?","He took the goose over first and came back. Then he took the fox across and brought the goose back. Next, he took the corn over. He came back alone and took the goose."
A man walks out of a house that has four walls all facing north. A bird walks past him. What is it?,Penguin.
A man was driving a black truck. His lights were not on. The moon was not out. A lady was crossing the street. How did the man see her?,"It was a bright, sunny day."
"A man went to the hardware store to buy items for his house. 1 would cost $.25. 12 would cost $.50. 122 would cost $.75. When he left the store he had spent $.75, what did he buy?",Numbers.
A man who was outside in the rain without an umbrella or hat didn’t get a single hair on his head wet. Why?,He was bald.
A man who worked in a butcher shop was six feet tall and wore size eleven shoes. What did he weigh?,Meat.
A man without bones whose flesh is cold. A man unthinking who is always shrinking. Who is he?,Snowmen.
A mechanism to discover who is following you?,RearView.
"A metal neither black nor red, as heavy as man's golden greed. What you do to stay ahead, with friend or foe or arrow and steed?",Lead.
A mighty weapon in the war against winged household pests?,Flyswatter.
A mile from end to end but easily found on the face of a friend. What is it?,Smile.
"A mile from end to end, yet as close to as a friend. A precious commodity, freely given. Seen on the dead and on the living. Found on the rich, poor, short and tall but shared among children most of all?",Smile.
"A mile from end to end, yet as close to as a friend. A precious commodity, freely given. Seen on the dead and on the living. Found on the rich, poor, short and tall but shared among children most of all. What is it?",Smile.
"A mile from end to end, yet as close to as a friend. A precious commodity, freely given. Seen on the dead and on the living. Found on the rich, poor, short and tall. But shared among children most of all?",Smile.
A mini solar powered computer designed to help you pass Algebra?,Calculator.
A morbidly-named body of water?,DeadSea.
"A most complex construction, Of creation and destruction, Of good and evil deeds, Of noblest thought and basest needs, A species in the lead, Immortal ’til we bleed?",Humans.
A most delicious thing. It can be given but cannot be kept. Some awake from it after they’ve slept. It is the moistest and softest butterfly wing but when it is the last even it can sting?,Kiss.
A move made popular b the King of Pop. What am I?,Moon Walk.
"A muttered rumble was heard from the pen and I, in my walking stopped to look in. What was this I saw? A massive beast, hoofed and jawed. With spikes upon its mighty brow, I watched as he struck the turf and prowled. And yet for all of his magnificence, he couldn't get out of that wooden fence?",Bull.
"A mysterious, fantastic creature, It has one defining feature and for humans at their worst, In their eyes it’s just a horse?",Unicorn.
A natural tattoo on babies?,BirthMark.
"A necessity to some, a treasure to many, I'm best enjoyed among pleasant company. Some like me hot, some like me cold. Some prefer mild, some like me bold. What am I?",Coffee.
"A new clothing store has a unique method of pricing items. A vest costs $20, a tie costs $15, a blouse costs $30 and underwear costs $45. How much would pants cost?",$25. The pricing method charges $5 for each letter needed to spell the item.
"A new clothing store has a unique method of pricing items. A vest costs $20, a tie costs $15, a blouse costs $30 and underwear costs $How much would pants cost?",The pricing method charges $5 for each letter needed to spell the item.
A nut cracker up in a tree?,Squirrel.
A path between high natural masses; remove the first letter to get a path between man-made masses?,Valley.
A path of cow juice spread across the sky?,MilkyWay.
A penguin in Antarctica is called Gaga. A penguin In New Zealand is called Nana. What do you call a penguin in Dubai?,Lost.
A performer counts on these folks for applause?,Audience.
A person who chews the ends of their fingers?,NailBiter.
A person who has powers to save the day?,Superman.
A pet who lived in a town where an inordinate number of children fell down wells?,Lassie.
A piece of paper that determines the academic fate of kids everywhere?,ReportCard.
A piece of paper that takes most people 3 or 4 years to get. What am I?,Diploma.
A place where the titanic is still chilling?,Atlantic.
"A place with substance and story, where many masquerade to there glory. What am I?",Stage.
A plant named after a light source?,Sunflower.
A pony trots his way through the world on these?,Hoof.
"A popular afterlife destination to send people, when you're mad at them?",Hell.
A popular afterlife location to send evil people. What am I?,Hell.
A popular Hip Hop artist goes by the Vanilla version of this substance?,Ice.
"A precious gift, yet it has no end, no beginning and nothing in the middle?",Ring.
"A precious stone, as clear as diamond. Seek it out while the sun's near the horizon. Though you can walk on water with its power, try to keep it and it'll vanish in an hour?",Ice.
A prehistoric reptile that lives today and the inspiration for the name of a popular sports drink?,Gator.
"A prickly house a little host contains; The pointed weapons keep back from pains, So he, unarmed, safe in his fort remains?",Hedgehog.
A railroad crossing without any cars. Can you spell that without any R’s?,"T-H-A-T (This one is tricky. It makes readers think they’re supposed to describe the scenario without using the letter ""R."" But the first sentence was actually used to distract the reader from the real question.)"
A reaction to being spooked that takes its name from water-fowl?,Goosebumps.
"A red drum which sounds without being touched and grows silent, when it is touched?",Heart.
A red house is made of red bricks. A blue house is made of blue bricks. A yellow house is made of yellow bricks. What is a greenhouse made of?,Glass.
"A republican whose name is synonymous with ""glove.""?",Mitt.
"A rooster is sitting on the roof of a barn facing west. If it laid an egg, would the egg roll to the north or to the south?",It's impossible — roosters don't lay eggs.
A salutation from the islands?,Aloha.
A seasonal fashion statement named for the weather it's worn in?,SunDress.
A section of the calendar dedicated to mother nature?,EarthDay.
"A seed am I, three letters make my name. Take away two and I still sound the same?",Pea.
A setting that proved to be deadly for Abraham Lincoln?,Theater.
A shimmering field that reaches far. Yet it has no tracks and is crossed without paths?,Ocean.
A shower that lights up the sky?,Meteor.
A single seater best accompanied by circus music and great balance?,Unicycle.
"A single syllable do I claim, black was my most famous name; Fetal to mortals here below, thousands have I slain in a single blow?",Plague.
"A single syllable do I claim, black was my most famous name; Fetal to mortals here below, thousands have I slain in a single blow. What am I?",Plague.
"A skin have I, more eyes than one. I can be very nice when I am done?",Potato.
"A skin have I, more eyes than one. I can be very nice when I am done. What am I?",Potato.
"A slow, solemn square-dance of warriors feinting. One by one they fall, warriors fainting, thirty-two on sixty-four?",Chess.
A small hill with seven holes?,Head.
A small paradise surrounded by dry heat. Some have Wonderwalls?,Oasis.
A snake that binds without a head. A snake of fiber no need to dread. What am I?,Rope.
A spent round or a slimy critter?,Slug.
A sport with love and service played by singles and pairs?,Tennis.
A squiggly line tells you when you've done it wrong?,Spell.
A standard dimension for sandwiches and rulers?,Footlong.
A stellar five-limbed sea creature?,Starfish.
A storage facility for criminals and fire-breathing reptiles?,Dungeon.
A storm in your cranium?,Headache.
A stylish winter top that covers your larynx?,Turtleneck.
A surly green puppet calls this filthy place his home?,TrashCan.
A tangly game and a destructive weather phenomenon?,Twister.
A tasty reward given to well behaved dogs and kids?,Treat.
A thing with a thundering breech. It weighing a thousand welly. I have heard it roar louder than Guy's wild boar. They say it hath death in its belly?,Cannon.
A third from the sun and not much else since the world’s begun. Some may weigh a metric ton. Is a synonym for fun. Made a zeppelin take flight. A big thing at Isle of Wight?,Rock.
"A thousand colored folds stretch toward the sky. Atop a tender strand, rising from the land, until killed by maiden's hand. Perhaps a token of love, perhaps to say goodbye?",Flower.
"A thousand wheels but move I do not. Call me what I am, call me a lot. What am I?",Parking Lot.
"A time when they're green. A time when they're brown. But both of these times, cause me to frown. But just in between, for a very short while. They're perfect and yellow. And cause me to smile?",Bananas.
"A tiny bead, like fragile glass, strung along a cord of grass?",Dew.
A toasty and crunchy cereal would be pointless without this spice?,Cinnamon.
A toothy nocternal immortal?,Vampire.
A toy that requires some string and a breezy day?,Kite.
A truck driver is going opposite traffic on a one-way street. A police officer sees him but doesn’t stop him. Why didn’t the police officer stop him?,He is walking.
A twiggy home?,Nest.
A type of hammer that brings a room to order?,Gavel.
"A useful thing, hard, firm and white, outside in shaggy robe bedight; Hallowed within right cleverly, it goes to work both white and dry. When after labor it comes back, you'll find it moist and very black; for service it is ready ever and fails the hand that guides it never?",Pen.
"A very pretty thing am I, fluttering in the pale-blue sky. Delicate, fragile on the wing, indeed I am a pretty thing?",Butterfly.
"A vessel have I, that is round as pear, moist in the middle, surrounded with hair; and often it happens that water flows there?",Eye.
"A warrior amongst the flowers, he bears a thrusting sword. He uses it whenever he must, to defend his golden hoard?",Bee.
A wave of white powdery destruction that is a skier's worst nightmare?,Avalanche.
A weighty currency?,Pound.
"A white field and when it is plowed, its soil is black?",Paper.
A white horned symbol of purity and grace?,Unicorn.
"A woman is sitting in his cabin in Minnesota. In less than three hours, she's in her cabin in Texas. How can this be?",The woman is a pilot and she's sitting in the cabin of her airplane.
"A woman shoots her husband, then holds him under water for five minutes. Finally, she hangs him. Five minutes later they enjoy a wonderful dinner together. How can this be?",Photo.
"A wonderful elixir, It is your fluid fixer. Gulp it down and turn like a concrete mixer. Dark as night and sweet as sin, It’s like liquid heroin?",Coffee.
"A word I know, six letters it contains, remove one letter and 12 remains, what is it?",Dozens.
"A word I know, six letters it contains, subtract just one and twelve remains?",Dozens.
"A word I know, six letters it contains, subtract just one and twelve remains. What is it?",Dozens.
"A word I know, six letters it contains. Subtract just one and twelve remains?",Dozens.
"A word there is of plural number, foe to ease and tranquil slumber; with any other word you take, to add an ""s"" would plural make. But if you add an ""s"" to this, how strange the metamorphosis: What plural was, is plural now no more and sweet, what bitter was before?",Caress.
"A young child goes up to a wise man and shocks him by asking him,?",Parents.
"A young lady walked through the meadow and scattered her glass pearls. The Moon saw this, yet didn't tell her. The Sun woke up and gathered the pearls?",Dew.
A young man wants to have it but when he has it he no longer wants it. Blade in hand he attacks it And does his best to remove it. Yet he knows that it is all in vain?,Beard.
A young man wants to have me but when he has me he no longer wants me. Blade in hand he attacks me and does his best to remove me. Yet he knows that it is all in vain. What am I?,Beard.
"According to Hollywood, the men of this ancient city wore leather speedos and waxed their chests?",Sparta.
"According to kids' entertainment, these reptiles are gifted at martial arts and surfer-dude slang?",Turtle.
"According to many students, dogs have an appetite for this paper item?",Homework.
"According to the ads, this is the favorite beverage of friendly polar bears?",Coke.
"According to the ads,this is the favorite beverage of friendly polar bears?",Coke.
"According to the music industry, you can count on a midnight train and the devil to turn up here?",Georgia.
Add 10 to nothing. What animal does it make?,OX (ox).
Add me to myself and multiply by 4. Divide me by 8 and you will have me once more. What number am I?,Any number.
"Adored by few, feared and hated by many. Mistress of the entire universal reason, master in the art of numbers. Some may have solved many of your mysteries but there still much of them to find. What are they?",Mathematics.
"After an electric train crashed, every single person died. Who survived?",All of the couples.
"Against the sun, I protect your eyes and am often worn on the face of spies. What am I?",Sunglasses.
"Agile on my feet, I drive dogs mad. I flick my tail when I'm angry and hum when I'm glad. What am I?",Cat.
Air that is expelled orally?,Burp.
Aliens in Toy Story call this their leader?,Claw.
"Alive without breath, as cold as death. Clad in mail, never clinking. Never thirsty, ever drinking. What is it?",Fish.
"All about but cannot be seen. Can be captured, cannot be held. No Throat but can be heard. What is it?",Wind.
"All about the house, with his lady he dances, yet he always works and never romances?",Broom.
All the berries enjoyed the part except one berry. Why?,Because he was a blueberry.
"Almost everyone needs it, asks for it, gives it but almost nobody takes it. What is it?",Advice.
"Almost everyone needs it, asks for it, gives it. But almost nobody takes it?",Advice.
"Alone I am 24th, with a friend I am 20. Another friend and I am unclean. What am I?",X.
"Although a human shape I wear, Mother I never had; And though no sense nor life I share, in finest silks I'm clad. By every miss I'm valued much, beloved and highly prized; still my cruel fate is such by boys I am often despised. What am I?",Doll.
"Although glory but not at my best. Power will fall to me finally, when the man made me is dead. What am I?",Prince.
"Although I may have eyes, I cannot see. I have a round brown face with lots of acne. What am I?",Potato.
"Although it sounds like I work on a transportation device, I actually work in a restaurant. What am I?",Busboy.
"Although my cow is dead, I still beat her What a racket she makes?",Drum.
"Always old, sometimes new. Never sad, sometimes blue. Never empty, sometimes full. Never pushes, always pulls?",Moon.
"Always wax, yet always wane: I melt, succumbed to the flame. Lighting darkness, with fate unblest, I soon devolve to shapeless mess?",Candle.
"Always wooden and covered in paint. It can make you laugh or hide, because something dark is inside. What is it?",Pencil.
Ambitious people will climb social version of this contraption?,Ladder.
Ambitious people will climb the social version of this contraption?,Ladder.
An acceptable act of violence on Saint Patrick's Day?,Pinch.
An accessory sported by many construction workers?,HardHat.
An action done on mosquito bites. What am I?,Scratch.
An ancient suit that is not worn with a tie?,Armor.
An animal who gives away money and says moo?,CashCow.
"An appropriately loud response to fear, excitement, or your team scoring?",Yell.
An arctic double breasted formal wear?,SnowSuit.
An elephant in Africa is called Lala. An elephant in Asia is called Lulu. What do you call an elephant in Antarctica?,Lost.
"An iron horse with a flaxen tail. The faster the horse runs, the shorter his tail becomes?",Needle.
An office supply that's shaped like a trombone?,Paperclip.
"An open ended barrel, I am shaped like a hive. I am filled with the flesh and the flesh is alive. What am I?",Thimble.
"An outcome already written, Fight it and you’ll be smitten. By it you may be blessed, Or put up to the test and take you places you’d have never guessed?",Destiny.
"An utensil used for bread. Also a paper cutter. Used by a thug to take a life, Or wielded by the tamest wife, When used to spread the butter?",Knife.
"Ancient and majestic, great big piles of stones, Used to encase both riches and bones. Seen from certain angles, They look like big triangles?",Pyramids.
Angels and pilots work with me. What am I?,Wings.
Announcing to the world that you've recently enjoyed a fizzy beverage?,Belch.
"Aquatic creature whose name is rather ""tight.""?",Seal.
As a state in America. I am round on both sides and high in the middle. What am I?,Ohio.
"As a whole, I am both safe and secure. Behead me, I become a place of meeting. Behead me again, I am the partner of ready. Restore me, I become the domain of beasts?",Stable.
"As beautiful as the setting sun, as delicate as the morning dew. An angel's dusting from the stars. That can turn the Earth into a frosted moon?",Snow.
"As destructive as life, As healing as death; An institutioner of strife, Just as prone to bless. It is all that is good, Yet with an evil trend; As it was the beginning of things, It can also be the end?",Fire.
"As I walked along the path I saw something with four fingers an done thumb but it was not flesh, fish, bone, or fowl?",Glove.
"As I was going through a field of wheat, I found something good to eat; It wasn't fish or flesh or bone; I kept it till it ran alone?",Egg.
"As I went across the bridge, I met a man with a load of wood which was neither straight nor crooked. What kind of wood was it?",Sawdust.
As I went over London Bridge I met my sister Jenny; I broke her neck and drank her blood and left her standing empty?,Gin.
As I went over London Bridge I met my sister Jenny; I broke her neck and drank her blood and left her standing empty. What am I?,Gin.
As light as a feather but you can’t hold it for ten minutes?,Breath.
As round as an apple. As deep as a cup. All the king's horses can't pull it up?,Well.
"As soft as silk, as white as milk, as bitter as gall, a thick green wall and a green coat covers me all?",Walnut.
"As your ideas grow, I shrink. What am I?",Pencil.
At first I am a yellow weed in the lawn and then the wind blows and my white feathers are gone. What am I?,Dandelion.
At night I come without being fetched. By day I am lost without being stolen?,Stars.
At night I'm a mountain but in the morning a meadow. What am I?,Bed.
At night they come out without being fetched and by day they are lost without being stolen. What are they?,Stars.
At night they come without being fetched and by day they are lost without being stolen. What are they?,Stars.
At night they come without being fetched. By day they are lost without being stolen. What are they?,Stars.
"At the end of my yard there is a vat, four-and-twenty ladies dancing in that; Some in green gowns and some with blue hat: He is a wise man who can tell me that?",Flax.
"At the sound of me, men may dream or stamp their feet. At the sound of me, women may laugh or sometimes weep?",Music.
"At the sound of me, men may dream. Or stamp their feet. At the sound of me, women may laugh. Or sometimes weep?",Music.
"At the sound of me, one may dream or stamp their feet, At the sound of me, one may laugh or sometimes weep?",Music.
"At the sound of me, you may stomp your feet but you may also dream or weep. What am I?",Music.
Attracted by light but flies at night. It's wind and hairy but not too scary. What is it?,Moth.
Autumn leaves and bad bowlers wreak havoc on this?,Gutter.
"Barren location, infertile and dry; my name means ""to leave"", it's not heard to see why?",Desert.
Basically a cake made of cow?,Meatloaf.
"Batman, Archie, Betty and Veronica all started as these?",ComicBooks.
Be kind please rewind?,VCR.
Be sure to shout for its answers are weak but there is no language it cannot speak?,Echo.
Beautiful girls strut and sexy men 'do their little turn' on this?,CatWalk.
"Before a circle appear, twice twenty-five and five in rear; One fifth of eight subjoin; and then you'll quickly find what conquers men?",Love.
Before crust hardens?,Dough.
"Before Google, we actually had to physically look things up in this building full of knowledge?",Library.
"Before I came, the world was darker, that's true. But beware, I can also kill you. What am I?",Electricity.
Before I grow I'm small. When I'm old I grow tall. When I die I give a mighty fall. What am I?,Tree.
"Before Mt. Everest was discovered as the highest mountain in the world, which mountain was the highest?",Mt Everest.
"before Mt. Everest was discovered, what was the tallest mountain in the world?",Mt. Everest.
"Before mt. Everest was discovered, which was the tallest mountain in the world?",MtEverest.
"Before my birth I have a name but soon as born I lose the same; and when I'm laid within the tomb, I do my father's name assume; I change my name three days together, yet live but on in any weather?",Today.
"Begin with a word, five letters to my name, remove the first and last but I am the same. Take out my middle and still I remain?",Empty.
Being able to interpret the letters on this screen proves that you have this quality?,Literate.
"Besides Paris, what is the capital of France?",F.
"Beth’s mother has three daughters. One is called Laura, the other one is Sarah. What is the name of the third daughter?",Beth.
Better touch me before you proceed to second. What am I?,First Base.
"Better touch this before proceeding to second, or you're out?",FirstBase.
Between daylight and darkness when sparkling blood suckers like to come out?,Twilight.
Between you and the net stands this vigilant protector of the scoreboard?,Goalie.
"Bill's mom has four kids: Mary, John and Alice. What is the name of her fourth child?",Bill.
Bind it and it walks. Loose it and it stops?,Sandal.
"Black and scary, small and hairy. In the night you hear it preach, Through its noisy high pitched screech?",Bat.
Black we are and much admired. Many seek us if they are tired. We tire the horse and comfort man and turn White when we've fulfilled your plan?,Coal.
"Black we are and much admired. Men seek us if they are tired. We tire the horse, comfort man. Guess this riddle if you can?",Coal.
"Black within and red without, With four corners round about?",Chimney.
"Blade to blade I always win, My foe laid low and even. Yard by yard through thick and thin, I'm busiest in season. What am I?",Lawn Mower.
Blend a teapot shot so the pearlies won’t rot?,Toothpaste.
Boats with holes and dirty dishes have this in common?,Sink.
Bold are the first; true are the second; playful are the third; clever are the fourth; forceful are the fifth?,BRAVE.
"Born from a fountain of wealth, I am black instead of gold but valued the same. What am I?",Oil.
Born in a shell I adorn your neck. What am I?,Pearl.
Born in the ocean and white as snow. When I fall back to water I disappear without a trace. What am I?,Salt.
Born of earth but with none of its strength. Molded by flame but with none of its power. Shaped?,Glass.
"Born of sorrow, grows with age, you need a lot to be a sage. What is it?",Wisdom.
Both a currency and an antlered male?,Buck.
Both boats with holes and dirty dishes have this in common?,Sink.
Both cockroaches and illegal drug laboratories or syndicates do fear this?,Raid.
Both old people and owls are said to be possessing this trait?,Wise.
Both peaches and a certain couture have this in common?,Juicy.
"Both punishment and sweet reward, It will befall both fool and lord. It is a spiritual scoreboard, Your every deed it does record?",Karma.
Both the original 49ers and opportunistic women share this nickname?,Gold Digger.
Boxers do this for a living and kids do it in the backseat for free?,Fight.
Boxes marked as this should not be abused?,Fragile.
"Break it and it is better, immediately set and harder to break again?",Record.
"Break me and I am better, immediately set and harder to be broken again. What am I?",Record.
"Break me but I'll continue to work, touch me and maybe I'll stay with you forever. What am I?",Heart.
"Bright as diamonds, Loud as thunder, Never still, A thing of wonder?",Waterfall.
Brings celebrities into your home every night?,Television.
Brings the sky a lot closer?,Telescope.
Brings you may flowers?,Showers.
Brothers and sisters I have none but this man's father is my father's son. Who is the man?,My son.
Brown I am and much admired; many horses have I tried; tire a horse and worry a man; tell me this riddle if you can?,Saddle.
Brown I am and much admired; many horses have I tried; tire a horse and worry a man; tell me this riddle if you can. What am I?,Saddle.
"Built of metal or wood to divide. It will make us good neighbors, if you stay on your side. What is it?",Fence.
Bumpy form of transportation in desert cultures?,Camel.
"Bury deep, pile on stones, yet I will dig up the bones?",Memory.
"By Moon or by Sun, I shall be found. Yet I am undone, if there's no light around?",Shadow.
"By Moon or by Sun, I shall be found. Yet I am undone, if there's no light around. What am I?",Shadow.
"By the way, what never moves, wears shoes, sandals and boots but has no feet?",Sidewalk.
By Thursday you're over this?,Hump.
Can be achieved in a car or as a position during conflict?,Neutral.
Can be done to button and shopping carts?,Push.
Can be done to buttons and shopping carts?,Push.
Can be found in the drink aisle or on a body-builder's torso?,SixPack.
Can be heard in a court or used to carry briefs?,Case.
Can be heard in court or used to carry briefs?,Case.
Can be used onstage or to express admiration?,Props.
Can describe a distress signal or flashy accessories?,Flare.
"Can not be bought, can not be sold, even if it's made of gold?",Heart.
Candy that allegedly tastes like refracted light?,Skittles.
Canine children. What am I?,Puppy.
Casper was a friendly one and Demi Moore made a clay pot with one?,Ghost.
Cats and deflation tires make this noise. What am I?,Hiss.
"Cats have four, bugs have four but school has six. What are they?",Letters.
Cause deflation of tires when dropped from the rear of spy cars?,Spikes.
Causes bad breath and frightens blood-suckers?,Garlic.
Causes dancing in children when it fills up?,Bladder.
Causes the involuntary transportation of your vehicle?,TowTruck.
Certain worms and Amazon.com like these?,Books.
Chicken noodle and cream of mushroom are two well known varieties of this kind of food?,Soup.
Children keep their assets in this?,PiggyBank.
Children who misbehave often find themselves sitting in this area?,Corners.
"Cloud is my mother, wind is my father. What am I?",Rain.
"Coca Cola, Dr.Pepper and Pepsi are three varieties of this kind of drink?",Soda.
Cockroaches and illegal drug labs are afraid of this?,Raid.
Cold head and feet; Round as a ball; Always turning around itself?,Earth.
Cold head and feet; round as a ball; always turning around myself. What am I?,Earth.
"Come November 1st, many of these will be found smashed on sidewalks?",Pumpkin.
Come up and let us go. Go down and here we stay?,Anchor.
"Comes in bits and pieces, Put together forms a whole. It’s athletics for the mind, The more you think the more you find, Sometimes it can be a grind but then, that is the goal?",Puzzle.
Commits friendly home invasions one night a year?,Santa claus.
Commits friendly home invasions one night a year?,SantaClaus.
Consuming food would be pretty tough without these chompers?,Teeth.
Controlled by your hands and feet. It would be nothing without a street. What is it?,Car.
Could be described as the cranium's version of snow?,Dandruff.
Covered in stone and sun. It's home to many but also none. What is it?,Cemetery.
Cows do this to salt and humans do it to ice cream?,Lick.
"Creatures of power, creatures of grade, creatures of beauty, creatures of strength. As for their lives, they set everything's pace. For all things must come to live. Under their emerald embraceEither in their life or in their death?",Trees.
"Crisp, green and found near deli sandwiches?",Pickle.
"Crooked as a rainbow and slick as a plate, Ten thousand horses Can't pull it straight?",River.
"Crooked as a rainbow and slick as a plate, ten thousand horses can't pull me straight. What am I?",River.
Currency that flirted with a British spy?,MoneyPenny.
"Curtail me thrice, I am a youth; behead me once, a snake; complete, I'm often used, in truth, when certain steps you'd take?",Ladder.
"Curtail me thrice, I am a youth; behead me once, a snake; complete, I'm often used, in truth, when certain steps you'd take. What am I?",Ladder.
Cute hares that hop and deliver eggs at Easter are called b this nickname?,Bunny.
Cute hares that hop and deliver eggs at Easter are called by this nickname?,Bunny.
"Cute, cuddly canine children?",Puppy.
Daily ritual of scraping a metal tool on the body?,Shave.
"Dark, feathery and popular in Baltimore and fantasy books?",Ravens.
"Dark, feathery and popular in Baltimore?",Ravens.
"David’s father has three sons: Snap, Crackle and ?",David.
"David's father has three sons: Snap, Crackle and?",David.
"David’s parents have three sons: Snap, Crackle and what’s the name of the third son?",David.
Defends your noggin from the hard pavement?,Helmet.
Deposit red liquid in me. What am I?,Blood Bank.
Describes a gorgeous woman and an excellent punch?,KnockOut.
Describes a mysterious region and a stylish pair of shorts?,Bermuda.
Describes a toilet cleaner as well as one of Santa's reindeer?,Comet.
Describes an era of history during which light was hard to come by?,DarkAges.
Describes universities like Harvard and can be poisonous?,Ivy.
"Despite having long teeth, every bit of food it grabs gets taken from it?",Fork.
"Destroyer of the unbreakable, more of me is hidden than seen?",Iceberg.
"Devils, unicorns and goats all share this feature?",Horn.
Diamonds and stress have this to thank for their existence?,Pressure.
Did you hear about the actor who fell through the floorboards?,He was just going through a stage.
Did you hear about the cheese factory explosion?,There was nothing left but de-brie.
Did you hear about the claustrophobic astronaut?,He just needed a little space.
Did you hear about the guy who invented Lifesavers?,He made a mint.
Did you hear about the guy who invented the knock-knock joke?,"He won the ""no-bell"" prize."""
Did you hear about the kidnapping at the playground?,They woke up.
Did you hear about the mathematician who's afraid of negative numbers?,He'll stop at nothing to avoid them.
Did you hear about the mathematician who’s afraid of negative numbers?,He’ll stop at nothing to avoid them.
Did you hear about the sensitive burglar?,He takes things personally.
Did you hear about the two people who stole a calendar?,They each got six months.
Did you hear the rumor about butter?,"Well, I'm not going to go spreading it."
"Die without me, never thank me. Walk right through me, never feel me. Always watching, never speaking. Always lurking, never seen?",Air.
Dies half its life. Lives the rest. Dances without music. Breathes without breath?,Tree.
"Different lights do make me strange, thus into different sizes I will change?",Pupil.
Different lights do make me strange. Thus into different sizes I will change?,Pupil.
Digital white-out. What am I?,Delete.
Directions from outer space?,GPS.
Disgusting creatures that would survive a nuclear strike?,Roach.
Do this to your gifts to make them festive?,Wrap.
Doing something of this nature is likely to land you in court?,Illegal.
Doing this on your Visa could result in being in debt for a long time?,MaxOut.
Doing this with your job can be risky but doing it with smoking is always a good idea?,Quit.
Don't do this in the shallow end?,Dive.
Don't forget to do this before blowing out the candles?,Wish.
Dorothy had a severe disagreement with a woman of this magical persuasion?,Witch.
Double it and multiply it by Then divide it by 8 and you’ll have it once more. What number is it?,"Any number. If a number is doubled and multiplied by 4, it’s actually been multiplied by 8, so dividing by 8 will get you the original number again."
"Double my number, I'm less than a score. Half of my number is less than four. Add one to my double when bakers are near. Days of the week are still greater, I fear?",Six.
Dragons are known to do this to their gold?,Hoard.
"Draw, fire, or fill me; I'm still empty. What am I?",Blank.
Drop me and the world will shatter. You can always find me where you empty your bladder. What am I?,Mirror.
Drop this to stop a boat?,Anchor.
During the 1800's these turned women into hourglasses and is becoming more popular again these days?,Corset.
During which month do people sleep the least?,"February (as February has fewer nights, of course.)"
"Each morning I appear to lie at your feet, all day I follow no matter how fast you run. Yet I nearly perish in the midday sun?",Shadow.
Each of these ends in a kettle full of precious metal and the double variety is quite awesome?,Rainbow.
"Edible beach crawler served at sea food restaurants, similar to a lobster but quite different?",Crab.
Edible items purchased in large quantities?,Groceries.
Environmentalists really want to keep this area from drying?,Wetland.
Environmentalists want to keep this from drying?,Wetland.
Ernie wouldn't get clean without singing with this little guy?,RubberDuck.
Even if my life is taken eight still remain?,Cat.
Even the oldest ones can be described as current but a little mainstream?,River.
"Even though I am far from the point and make no mistakes of my own, I fix yours. What am I?",Eraser.
"Even though I'm far from the point, I don't make mistakes. I fix yours. What am I?",Eraser.
"Every dawn begins with me. At dusk I'll be the first you see and daybreak couldn't come without. What midday centers all about. Daises grow from me, I'm told. And when I come, I end all code but in the sun I won't be found. Yet still, each day I'll be around?",D.
"Every dawn begins with me. At dusk I'll be the first you see and daybreak couldn't come without. What midday centers all about. Daises grow from me, I'm told. And when I come, I end all code but in the sun I won't be found. Yet still, each day I'll be around. What am I?",D.
Every night I'm told what to do and each morning I do what I'm told. But I still don't escape your scold What am I?,Alarm-Clock.
Every team needs one of these before hitting the field. Get pumped?,PepTalk.
"Everybody has some. You can lose some, you can gain some. But you cannot live without it. What am I?",Blood.
Everyone claims to know a way to stop these involuntary contractions . None of them work?,Hiccup.
Everyone claims to know a way to stop these involuntary contractions but none of them work?,Hiccup.
Everyone claims to know a way to stop these involuntary contractions. None of them works?,Hiccup.
"Everyone has it and no one can lose it, what is it?",Shadow.
Everyone has it and no one can lose it; what is it?,A shadow.
Everyone has me but no one can lose me. What am I?,A shadow.
Everyone loses us as a child and neglecting us makes us holy. What are we?,Teeth.
"Everyone needs this, it's great with an 'r' on the end but you're sad when the first letter goes away. What is it?",Lover.
"Face with a tree, skin like the sea. A great beast I am. Yet vermin frightens me?",Elephant.
"Face with a tree, skin like the sea. A great beast I am. Yet vermin frightens me. What am I?",Elephant.
"Famous for cheese, wine and saying 'ooo la la'?",French.
Fans of the Pied Piper's smooth sound who are feared by elephants?,Mice.
"Fatherless and motherless. Born without sin, roared when it came into the world. And never spoke again?",Thunder.
"Fatherless and motherless. I was born without sin, roared when it came into the world. But I never spoke again. What am I?",Thunder.
"Feared on the playground, he steals your lunch money and distributes wedgies?",Bully.
feathers help me fly but I am not alive. what am I?,Arrow.
"Feed me and I live, give me drink and I die?",Fire.
"Feed me and I live, give me drink and I die. What am I?",Fire.
"Feed me and I live, give me something to drink and i’ll die, What am I?",Fire.
"Feed me and I live, give me something to drink and I'll die. What am I?",Fire.
Fighting technique taken from rams?,HeadButt.
Find me on body builders or in the drink aisle. What am I?,Six Pack.
"First I may be your servant's name; then your desires I may proclaim; And, when your mortal life is over hold all your wealth within my power. What am I?",Will.
"First you see me in the grass dress in Yellow gay; next I am in dainty white, then I fly away. What am I?",Dandelion.
"First you see me in the grass dressed in yellow gay; next I am in dainty white, then I fly away. What am I?",Dandelion.
"First, you throw away my outside and cook the inside. Then you eat my outside and throw away the inside. What am I?",Corn.
"Five hundred begins it, five hundred ends it. Five in the middle is seen. First of all figures, the first of all letters. Take up their stations between. Join all together and then you will bring before you the name of an eminent king?",David.
"Five men were eating apples, a finished before B but behind C. D finished before E but behind B. What was the finishing order?",CABDE.
Five men were eating apples. A finished before B but behind C. D finished before B. What was the finishing order?,CABDE.
"Flat as a leaf, round as a ring. Has two eyes, can't see a thing?",Button.
"Flat as a leaf, round as a ring. I have two eyes but can't see a thing. What am I?",Button.
Flavors range from strawberry to toe?,Jam.
Flavors your food and divides the year up?,Season.
Food can help me survive but water will kill me. What am I?,Fire.
For all your post bubble-bath drying needs?,Towel.
"For me, much blood has been shed. I have two faces but only bare one head. What am I?",Coin.
"For most, I am fast. For others, I am slow. An obsession to all, I make the world go. What am I?",Time.
"For some I go fast, for others I'm slow. To most people, I'm an obsession. Relying on me is a well practiced lesson?",Time.
For this gourmet style of meal you'll need a pot and some pointy sticks?,Fondue.
Forward backwards is what I do all day. I come in all different shapes and sizes. I can be scary and I can calm you down. What am I?,Rocking Chair.
Forward I am heavy but backward I am not. What am I?,Not.
Forward I am heavy but backward I am not. What am I?,"The word ""not""."
"Forward I am heavy, backwards I am not. What am I?",Ton.
Forward I'm heavy but backwards I'm not?,Ton.
Forward I’m heavy but backwards I’m not?,Ton.
Forward I'm heavy but backwards I'm not. What am I?,Ton.
"Forwards, I'm heavy. Backwards, I'm not. What am I?",Ton.
Found at the back of a book or in an abdomen?,Appendix.
Found at the back of the book. What am I?,Appendix.
Found at the end of rainbows?,Pots.
Found in pizza but also the sky. You'll know I'm around when I'm close by. What am I?,Circle.
Found new creative way to get people to stuff themselves with Doritos?,TacoBell.
Found under bridges and on the Internet?,Troll.
"Four holes, one going in and three coming out; When you are going in you are out and when you are coming out you are in?",Shirt.
Four leaves I have. What am I?,Shamrock.
"Four legs in front, two behind; Its steely armor scratched and dented by rocks and sticks; still it toils as it helps feed the hungry?",Plough.
"Four legs up, four legs down, soft in the middle and hard all around. What am I?",A bed.
"Four of us are in your field but our differences keep us at yield, First, a one that is no fool, Though he resembles a gardener’s tool, Next, one difficult to split in two and a girl once had one as big as her shoe, Then, to the mind, one’s a lovely bonder and truancy makes it grow fonder, Last, a stem connecting dots of three?",Suits.
Four years ago. Alex was twice as old as Jake. Four years from now. Jake will be 3/4 of Alex's age. How old is Alex?,Twelve.
"Fred and Wilma's child, named after a stone?",Pebbles.
"Fritos, Doritos and Lays are some popular brands of this cripsy potato snack?",Chips.
Fuels backyard get-togethers?,Charcoal.
"Full of holes, yet still holds water?",Sponge.
George J. Jetson and Neil A. Armstrong drove this to work?,SpaceShip.
"Gets rid of bad ones, short and tall. Tightens when used, one size fits all?",Noose.
Give it a toss and it's ready but not until it's dressed. What is it?,Salad.
"Give it food and it will live, give it water and it will die?",Fire.
Give me a drink and I will die. Feed me and I'll get bigger. What am I?,A fire.
Give me food and I will live; give me water and I will die. What am I?,Fire.
"Given them to the girls whenever and they’ll be best friends forever. Shiny, pretty stones, Bought with massive loans?",Diamonds.
"Glittering points that downward thrust, sparkling spears that never rust. What is it?",Icicle.
Glittering points that downward thrust. Sparkling spears that do not rust. What is it?,Icicle.
Glittering points that downward thrust. Sparkling spears that never rust?,Icicle.
Glittering points that downward thrust. Sparkling spears that never rust?,Icicles.
Glittering points that downward thrust. Sparkling spears that never rust. What am I?,Icicles.
Godzilla calls this place home?,Japan.
Goes over all the hills and hollows. Bites hard but never swallows?,Frost.
"Gold in a leather bag, swinging on a tree, money after honey in its time. Ills of a scurvy crew cured by the sea, reason in its season but no rhyme?",Orange.
"Golden treasure I contain, Guarded by hundreds and thousands. Stored in a labyrinth where no man walks, Yet men come often to seize my gold. By smoke I am overcome and robbed, then left to build my treasure anew?",Beehive.
"Golden treasure I contain, guarded by hundreds and thousands. Stored in a labyrinth where no man walks, Yet men come often to seize my gold. By smoke I am overcome and robbed, then left to build my treasure anew. What am I?",Beehive.
"Goliath, The Jolly Green and Andre are all examples of this?",Giant.
Good for telling the future or racking up in a game?,EightBall.
Goth guys and women enhance their visual organs with this item?,EyeLiner.
Gown but not a priest; crown but not a king?,Rooster.
Grandmothers like to pinch these?,Cheeks.
Greedy grumpy holiday hater?,Scrooge.
Green arrows grow out of my sides. I go from yellow to white. My babies fly in the wind. What am I?,Dandelion.
"Green but not a lizard, white without being snow and bearded without being a man?",Leek.
Green on the outside but red and black inside. I am food but mostly liquid. What am I?,Watermelon.
"Grown in darkness yet shimmers in light. It is lovely, round and every woman's delight. What is it?",Pearl.
"Grown in the ground, it's taller than you. Strip off the outside, the yellow pieces you chew. What is it?",Corn.
"Grows from the ground, bushes and grass, leaves of yellow, red and brow, unruly plants, get the axe, trim the hedge back down?",Hair.
Gumby and yoga instructors have this in common?,Flexible.
Hairdo for NASCAR fans?,Mullet.
"Half-way up the hill, I see you at last, lying beneath me with your sounds and sights. A city in the twilight, dim and vast, with smoking roofs, soft bells and gleaming lights?",Past.
"Halo of water, tongue of wood. Skin of stone, long I've stood. M fingers short reach to the sky. Inside my heart men live and die?",Castle.
"Halo of water, tongue of wood. Skin of stone, long I've stood. My fingers short reach to the sky. Inside my heart men live and die?",Castle.
"Hands she has but does not hold, teeth she has but does not bite, feet she has but they are cold, eyes she has but without sight?",Doll.
"Hands she has but does not hold, teeth she has but does not bite, feet she has but they are cold, eyes she has but without sight. Who is she?",Doll.
Hands she has but does not hold. Teeth she has but does not bite. Feet she has but they are cold. Eyes she has but without sight?,Doll.
Handy when you need to measure something or run a kingdom?,Ruler.
Hard iron on horse. Cow's hide on man?,Shoe.
"Hard to catch, easy to hold. Can't be seen, unless it's cold?",Breath.
Has 4 lucky leaves?,Shamrock.
Has 88 keys but not one of them will open a door?,Piano.
Has a foot on each side and one in the middle?,Yardstick.
Has a strong attraction to belly buttons?,Lint.
Has a tongue but never talks. Has no legs but sometimes walks?,Shoe.
Has feathers but can't fly. Rests on legs but can't walk?,Mattress.
Has four legs but is not alive?,Chair.
Has its teeth on your head but doesn't bite?,Comb.
"Has no feet but travels far. Is literate but not a scholar. Has no mouth, yet clearly speaks?",Letter.
"He calls in the morning, the day to renew, if his owner gets hungry, he'll be turned to stew. What is he?",Rooster.
He crushed on Wendy Darling?,PeterPan.
He has a genie to thank for the fact that he married a princess?,Aladdin.
He has married many but has never been married. Who is he?,Priest.
He has married many women but has never been married. Who is he?,Preacher.
He has married many women but has never been married. Who is he?,Priest.
He has married many women but has never married?,Priest.
He has married many women but never been married. Who is he?,Priest.
He has one and a person has two. A citizen has three. And a human being has four. A personality has five. And an inhabitant of earth has six?,Syllable.
"He is known to commit a friendly home invasion one night a year, never taking but always leaving stuff behind?",Santa Claus.
He is not the skinniest of felines?,Fat Cat.
He is the kind of person who has powers to save the day?,Superman.
He may seem to work in public transportation but he actually works in a restaurant?,Busboy.
He prefers to travel on vines and pal around with gorillas?,Tarzan.
"He stands beside the road. In a purple cap at tattered green cloak. Those who touch him, curse him?",Thistle.
"He’s big, old and fluffy and looking rather scruffy. He always needs a shave. It’s best to just avoid him and leave him in his cave?",Bear.
Hear about the new restaurant called Karma?,There’s no menu: You get what you deserve.
Hearing something unexpected or touching a live wire can have this effect?,Shocking.
"Held firmly in the hands, like a sword it cuts deep. Bloodless strokes, all, then forward we leap?",Paddle.
Helps carry your books to school?,BackPack.
Hershey's and Reese's are two popular companies that produce this kind of sweet snack?,Chocolate.
Hide me from your parents if you have done bad academically this year. What am I?,Report Card.
"High born, my touch is gentle. Purest white is my lace. Silence is my kingdom. Green is the color of my death?",Snow.
High fat reward for making it through another solar cycle?,Cake.
His big belly supposedly has the ability to dispense good fortune?,Buddha.
"His eyes were raging, that scraggly beast. His lips were bursting, with rows of angry teeth. Upon his back a razor was found. It was a fearsome battle we fought, my life – or his, one would be bought. And when we were through and death chilled the air, we cut out his heart and ate it with flair?",Boar.
"His is no small athletic feat, Has to stay nimble on his feet, To fight and his opponents beat and taste sweet victory, not grim defeat?",Boxer.
"Hold the tail, while I fish for you?",Net.
"Hold the tail, while I fish for you. What am I?",Net.
Hold these between your knees if you want to set a Cuban beat?,Bongos.
Holding two swords and eight spears. Dressed in a cow-leather tunic. He peeks through a hole in the door?,Crab.
Hoofed frolicking?,Horseplay.
"Hot tempered and sometimes it blows its top, making a mess of everything?",Volcano.
"How a big, hibernating mammal would show affection?",BearHug.
How can a leopard change its spots?,By moving from one spot to another.
How can a pants pocket be empty and still have something in it?,Hole.
How can five people divide five cookies so that each gets a cookie and yet one cookie remains on the plate?,The last person takes the plate with the remaining cookie.
How can the letters OWONDER be rearranged to make one word?,One word.
How can we become wiser from a box of pins?,It will give us many good points.
How can you divide 17 apples equally among 11 boys if four of them are very small?,By making them into applesauce.
How can you find a lost rabbit?,Make a noise like a carrot.
How can you keep an elephant from charging?,Take away its credit card.
How can you keep fish from smelling?,Cut off their noses.
How can you know when it’s raining cats and dogs?,Step into a poodle.
How can you make five less by adding one to it?,IV.
How can you make one pound of green tea go as far as five pounds of black?,Buy both in New York and send them to Maine.
How can you make pants last?,Make the coats and vests first.
"How can you throw a ball as hard as you can, to only have it come back to you, even if it doesn’t bounce off anything?",Throw the ball straight up in the air.
How did the barber win the race?,He knew a shortcut.
How did the hipster burn his tongue?,He drank his coffee before it was cool.
How did the telephone propose to his girlfriend?,He gave her a ring.
How did the two cats end their fight?,They hissed and made up.
How do oceans say hello to each other?,They wave.
How do poets say hello?,"Hey, haven’t we metaphor?"
How do rabbits travel?,By hareplanes.
How do snails travel?,Slowly.
How do trees get online?,They just log on.
How do we know they had fruit onboard the ark?,Because the animals went in pairs (pears).
How do you catch a school of fish?,With a bookworm.
How do you count cows?,With a cowculator.
How do you drown a hipster?,Throw him in the mainstream.
How do you fix a cracked pumpkin?,With a pumpkin patch.
How do you fix a damaged jack-o-lantern?,You use a pumpkin patch.
How do you get down off an elephant?,You don’t get down off an elephant. You get down off a duck.
How do you keep a bagel from getting away?,Put lox on it.
How do you look at a hippo’s teeth?,Very carefully.
How do you make a banana shake?,Take it to a scary movie.
How do you make a water bed bouncier?,Add spring water.
How do you make an egg-roll?,You push it.
How do you make anti-freeze?,Take away her blanket.
"How do you make the number ""one"" disappear?","Add a ""g"" and it is ""gone."""
How do you organize a space party?,"You ""planet""."
How do you organize a space party?,You planet.
How do you tell the difference between a bull and a cow?,It is either one or the udder.
How do you tell the gender of an ant?,"Put it in water. If it sinks, girl ant. If it floats, buoyant."
How do you throw a space party?,You planet.
How does a penguin build its house?,Igloos it together.
How does a rabbi make his coffee?,Hebrews it.
How does a snowman lose weight?,He waits for the weather to get warmer.
How does a vampire start a letter?,Tomb it may concern...
How does Moses make tea?,He brews.
How does the moon cut his hair?,Eclipse it.
How does the ocean say hi?,It waves.
How far can a fox run into the woods?,"Only halfway, otherwise it would be running out of the woods."
How far can you go into the woods?,As far as the center and then you’ll be going out.
how far can you walk into the woods?,Halfway.
How far is it from March to June?,A single spring.
How far will a blind dog walk into a forest?,Halfway.
How is a Bible scholar like a merchant?,Because he studies the prophets (profits).
How is a cat on a beach like Christmas?,They both have sandy claws.
How is a nobleman like a book?,He has a title.
How is a wedding ring like eternity?,It has no beginning and no end.
How is Europe like a frying pan?,Because it has Greece at the bottom.
How is Ireland like a bottle of wine?,It has a Cork in it.
How is your hand like a hardware store?,It has nails.
How long is a shoe?,A foot long.
how many $5 bills are in a dozen?,Twelve.
How many 9's are there between 1 and 100?,Twenty.
How many 9′s are there between 1 and 100?,Twenty.
How many animals did Moses take on the ark?,Moses didn’t take anything on the ark. Noah did.
how many bricks does it take to finish a brick building?,One.
How many letters are in the alphabet?,11 letters (there's only 11 letters in the phrase 'the alphabet').
How many letters are in the alphabet?,Eleven.
How many letters are there in the alphabet?,"There are 11: three in ""the"" and eight in ""alphabet."""
How many letters are there in the English alphabet?,"18: 3 in ""the"", 7 in ""English,"" and 8 in ""alphabet""."
how many months have 28 day?,Twelve.
How many months have 28 days?,All 12 months.
How many months have 28 days?,All.
How many months have 28 days?,Twelve.
How many months of the year have 28 days?,All of them (they all have at least 28 days).
How many months of the year have 28 days?,All of them. Every month has at least 28 days.
How many seconds are in a year?,"Twelve — January 2nd, February 2nd, March 2nd…."
how many seconds are there in a year?,Twelve.
How many sides does a circle have?,Two; outside and inside.
How many sides does a circle have?,Two.
How many soft-boiled eggs could the giant Goliath eat on an empty stomach?,"One, after which his stomach would not be empty."
How many tickles does it take to make an octopus laugh?,Ten-tickles.
How many times can you subtract the number 5 from 25?,One.
How much dirt is in a hole 4 feet deep and 2 feet wide?,None.
How much fur can you get from a skunk?,As fur as possible.
Humans have two that shrink in the light and expand in the dark?,Pupil.
"Hurts when it breaks and if it stops, you are dead?",Heart.
I add lots of flavor and have many layers but if you get too close I’ll make you cry. What am I?,An onion.
I always go to bed with my shoes on. What am I?,Horse.
I always have to work with something in my eye. What am I?,Needle.
"I always run but never walk, I sometimes sing but cannot talk, No head on which a hat to place, You always look me in the face?",Clock.
"I always run but never walk, often murmur but never talk, have a bed but never sleep, has a mouth but never eat. What am I?",River.
I am a activity dogs are very good at when a ball is thrown. What am I?,Fetch.
"I am a band that does not perform, sing, or act. What am I?",Rubber Band.
I am a beverage named after a stick. What am I?,Club Soda.
I am a box that holds black and white keys without locks. Yet they can unlock your soul?,Piano.
"I am a box that holds keys without locks, yet they can unlock your soul?",Piano.
I am a box who holds keys but not locks. With the right combination I may unlock your soul. What am I?,Piano.
"I am a bread made with cornmeal, often eaten with beans or Jambalaya?",Cornbread.
I am a busy worker who is a water mammal. What am I?,Beaver.
I am a candy that looks like a shepherd's staff. What am I?,Candy Cane.
I am a caribbean shape that makes ships disappear. What am I?,Triangle.
I am a cave full of bones and the house of a worm. What am I?,Mouth.
I am a celebrity fish. What am I?,Starfish.
I am a container with an inside golden that can't be opened unless I am broken. What am I?,Egg.
"I am a creature with a ""tight"" name?",Seal.
I am a daily ritual involving using a metal tool on the body. What am I?,Shave.
I am a delicious way of representing data. What am I?,Pie Chart.
I am a desire to munch. What am I?,Hunger.
"I am a fire's best friend. When fat, my body fills with wind. When pushed to thin, through my nose I blow. Then you can watch the embers glow?",Bellows.
"I am a food made from the pressed curds of milk. I come in American, swiss, sharp and many other flavors. What am I?",Cheese.
I am a food with 5 letters. If you remove the first letter I am a form of energy. Remove two and I'm needed to live. Scramble the last 3 and you can drink me down. What am I?,Wheat.
I am a fruit with seed on the outside. What am I?,Strawberry.
"I am a good state, There can be no doubt of it; But those who are in, Entirely are out of it?",Sane.
"I am a house with two occupants, sometimes one, rarely three. Break the walls, eat the boarders, then throw away me. What am I?",Peanut.
I am a kind of coat that can only be put on when wet. What am I?,Paint.
I am a kind of tree you can carry in your hand. What am I?,Palm.
I am a king but also a common device of measure?,Ruler.
I am a king but also a common device of measure. What am I?,Ruler.
I am a king but also a measuring device. What am I?,Ruler.
I am a king who's good at measuring stuff. What am I?,Ruler.
I am a lunch money thief. What am I?,Bully.
"I am a man without bones,without blood, without life. My flesh is white, cold and shrinking. What am I?",Snowman.
I am a mini solar powered computer. What am I?,Calculator.
I am a mother from a family of eight. Spins around all day despite my weight. Had a ninth sibling before founding out its fake. What am I?,Earth.
"I am a mountain at night, meadow at day. What am I?",Bed.
"I am a number with a couple of friends, quarter a dozen and you'll find me again. What am I?",Three.
I am a nut with a hole. What am I?,Donut.
I am a particular brand of candybar which contains caramel and peanuts which is smothered in chocolate?,Snickers.
I am a path between high natural masses; remove the first letter to get a path between man-made masses. What am I?,Valley.
I am a person who pretends to be someone else. What am I?,Impostor.
I am a portal to another world which you cannot enter. Only you can see me but I can't see you. What am I?,Television.
"I am a precious stone, as clear as diamond. Seek me out while the sun's near the horizon. Though you can walk on water with my power, try to keep me and I'll vanish in an hour. What am I?",Ice.
I am a protector of the scoreboard. What am I?,Goalie.
I am a protector. I sit on a bridge. One person can see right through me while others wonder what I hide. What am I?,Sunglasses.
"I am a protector. I sit on a bridge. One person can see right through me, while others wonder what I hide. What am I?",Sunglasses.
"I am a red drum which sound without being touched and grow silent, when I am touched. What am I?",Heart.
"I am a rock group with four members. All dead, one was assassinated. What am I?",Mt. Rushmore.
I am a seed with three letters in my name. Take away the last two and I still sound the same. What am I?,Pea.
"I am a seed, three letters in the name, take away two and I sound quite the same?",Pea.
"I am a seed, three letters in the name. Take away two and I sound quite the same. What am I?",Pea.
I am a sharp looking horse with a flaxen tail. The longer I run the shorter my tail becomes. What am I?,Needle.
I am a shimmering field that reaches far. Yet I have no tracks and am crossed without paths. What am I?,Ocean.
I am a shiny metal sheet that covers BBQ food. What am I?,Aluminum.
I am a ship that can be made to ride the greatest waves. I am not built by objects but built by minds. What am I?,Friendship.
I am a shower that lights up the sky. What am I?,Meteor.
I am a small paradise surrounded by dryness and heat. What am I?,Oasis.
I am a sound made by felines when petted. What am I?,Purr.
I am a tale in children's minds. I keep their secrets and share them inside. I blur their thoughts into fantasies kept Like a canvas of art or a submarine depth. Though an illusion it occurs every night; I give them a fantasy; I give them a fright. Nor good or bad but always nigh?,Dream.
I am a three digit number. My second digit is four times bigger than the third digit. My first digit is 3 less than my second digit. What number am I?,141.
I am a three letter word. Add two more letters and youll have fewer. What word am I?,Few.
I am a time for gathering crops. Remove the first three letters I become an object you can wear. What am I?,Harvest.
I am a tool for fairies. What am I?,Magic Wand.
I am a type of animal that hang out in the mist. What am I?,Gorilla.
I am a type of cheese made backwards. What am I?,Edam.
I am a type of weapon for SCI-FI characters. What am I?,Laser.
I am a vegetable that bugs stay away from. What am I?,Squash.
I am a way to say goodbye to your sweetheart. What am I?,Kiss.
"I am a window, I am a lamp, I am clouded, I am shining, I am colored and set in white, I fill with water and overflow. I say much but I have no words?",Eye.
I am a word of letters three; add two and fewer there will be. What word am I?,Few.
"I am a word that begins with the letter ""i."" If you add the letter ""a"" to me, I become a new word with a different meaning but that sounds exactly the same. What word am I?","Isle (add ""a"" to make ""aisle"")."
I am a word with 5 letters. Bold are the first; true are the second; playful are the third; clever are the fourth; forceful are the fifth. What am I?,Brave.
I am a word with six letters. Subtract 1 of these letters and you have 12. what am I?,Dozens.
I am a word. I become longer when the third letter is removed. What am I?,Lounger.
I am alive without breath and cold as death. I am never thirsty but always drinking. What am I?,Fish.
I am all around you but you cannot see me. I have no throat but you can hear me. Valued during summer but despised in the winter. What am I?,Wind.
"I am all around, yet to me you are half blind. Sunlight makes me invisible and difficult to find. What am I?",Star.
I am always around but in the morning I show. You'll know its me from my golden glow. What am I?,Sunlight.
I am always around you but often forgotten. I am pure and clean most time but occasionally rotten. What am I?,Air.
I am always hungry and will die if not fed but whatever I touch will soon turn red. What am I?,Fire.
"I am always hungry, I must always be fed. The finger I lick will soon turn red?",Fire.
"I am always hungry, I must always be fed. The finger I lick will soon turn red. What am I?",Fire.
I am always in front of you but you will never see me. What am I?,Future.
I am always with my partner and I make noise that you never see me create. What am I?,Thunder.
I am always with you but commonly forgotten. You use me constantly and can sometimes be rotten. What am I?,Air.
I am an activity involving pins flying int eh air. What am I?,Joggling.
I am an animal and a hair product. What am I?,Moose.
"I am an animal that's black, white and asian. What am I?",Panda.
I am an English word that is as long as I am valued. What am I?,Four.
I am an English word with 3 consecutive double letters. What am I?,Bookkeeper.
"I am an insect, half of my name is another insect. I am similar to the name of a famous band. What am I?",Beetle.
I am an instrument capable of making numerous sound but cannot be touched or seen. What am I?,Voice.
"I am an object which is used in baseball, during the day I can't be seen at all. What am I?",Bat.
I am an odd number that become even when beheaded. What am I?,Seven.
I am an odd number. Take away one letter and I become even. What number am I?,"Seven (take away the ""s’""and it becomes ""even"")."
I am an odd number. Take away one letter and I become even. What number am I?,Seven.
"I am as light as a feather, yet no man can hold me for long. What am I?",Breath.
I am at your hand when it is dark and hidden away in the light. What am I?,Flashlight.
"I am beautiful, up in the sky. I am magical, yet I cannot fly. To people I bring luck, to some people, riches. The boy at my end does whatever he wishes. What am I?",Rainbow.
I am bigger than elephant but lighter than a feather. What am I?,Wind.
I am black and white and full of fuzz. What am I?,Police Car.
I am black and white. I have strings I have keys. I make sound without my lips. I make dough with no flour. What am I?,Piano.
"I am black as night but can be filled with light. Through me things can be seen, although it is a screen. What am I?",Television.
"I am black when you buy me, red when you use me, when I turn white. You know it's time to throw me away. What am I?",Charcoal.
"I am black within and red without, With four corners round about. What am I?",Chimney.
"I am black, white and read all over. What am I?",Newspaper.
I am blinding at times yet help you see. I am necessary but you'll burn with too much of me. What am I?,Sunlight.
"I am born in fear, raised in truth and I come to my own in deed. When comes a time that I'm called forth, I come to serve the cause of need?",Courage.
"I am born in fear, raised in truth and I come to my own in deed. When comes a time that I'm called forth, I come to serve the cause of need. What am I?",Courage.
I am bought by the yard but worn by the foot. What am I?,Carpet.
I am brown and sticky. What am I?,Stick.
I am bushy headed but have no air. No moisture will not enter my skin but it's good at keeping it in. What am I?,Tree.
"I am but three holes. When you come out of me, you are still inside me. What am I?",Shirt.
"I am clean when I'm black, dirty when I'm white. What am I?",Chalkboard.
I am commonly abbreviated to H. What am I?,Hydrogen.
I am commonly ate before I'm born and after I'm dead. What am I?,Chicken.
I am constantly overlooked by everyone but everyone has me. What am I?,Nose.
I am drawn by everyone without pen or pencil. What am I?,Breath.
"I am easy to see but no one likes looking at me. Without me, there would be no you. I can make you complain, or make you happy. But you almost always take me for granted. What am I?",Sun.
I am easy to waste and unstoppable What am I?,Time.
"I am edible, pink and a great summer food. What am I?",Peach.
"I am enjoyed by some, despised by others. Some take me for granted, some treasure me like a gift. I last forever, unless you break me first. What am I?",Marriage.
I am enjoyed with a pot and some pointy sticks. What am I?,Fondue.
I am essential to life on earth! I am split into thirds. Two thirds are the same. One of the thirds is 8. The other two are 1 each. What am I?,Water.
"I am everywhere but cannot be seen captured or held, only heard, what am I?",Voice.
I am everywhere. I am inside you. I surround you. I can be seen by you. I can kill you. Yet you play in me. What am I?,Water.
I am expelled from you orally with a sound. What am I?,Burp.
"I am filled with garb, the price is free. Just return what you don't need. What am I?",Closet.
"I am flora, not fauna, I am foliage, not trees, I am shrubbery, not grass?",Bush.
"I am flora, not fauna. I am foliage, not trees. I am shrubbery, not grass. What am I?",Bush.
"I am found by the ocean and offer you a bed. Whether you want me or not, to your house I am led?",Sand.
"I am free for the taking. Through all of your life, though given but once at birth. I am less than nothing in weight but will fell the strongest of you if held?",Breath.
I am free the first time and second time but the third time is going to cost you money. What am I?,Teeth.
I am full of holes but still holds water. What am I?,Sponge.
I am full of wisdom and knowledge. I get what you want in a blink of an eye. I am known to man as full of endless wisdom. What am I?,Computer.
I am fun and sad. I am fast and slow. I get louder and I get softer. And I am created by great geniuses. What am I?,Music.
"I am gentle enough to soothe your skin, light enough to fly in the sky, strong enough to crack rocks. What am I?",Water.
"I am gold and can be black and white, I'm a symbol for a nation, when freedom took flight. What am I?",Eagle.
"I am good at concealing what's real and hide what's true. Sometime, I bring out the courage in you! What am I?",Makeup.
I am green and ugly and come out at night with a crumple old broom. Who am I?,Witch.
I am green but not a tree. You can see me and sit on me and I grow around the world. What am I?,Grass.
I am heavy forward but backward I'm not. What am I?,Ton.
I am higher than the king. What am I?,Crown.
"I am hot then cold, a liquid then solid and I am at once flaky and wet. What am I?",Wax.
I am in the middle of water but am not an island. What am I?,T.
I am in the middle of water but not an island. What am I?,T.
"I am in the past, never in the future. I don't exist but have existed. I saw what you saw and this is what I will ever see. What am I?",Memory.
"I am in the sky but also in the ground. When you study me, no matter how long, I will always end with an f. I may be in your yard but not in your house. What am I?",Leaf.
"I am in the sky. I'm white, I'm round but not always. Sometimes you see me, sometimes you don't. What am I?",Moon.
"I am in your hand but you don't hold me. After some time, you will know me. What am I?",Fate.
I am Invisible Man's drink at snack time. What am I?,Evaporated Milk.
"I am just two and two. I am hot. I am cold. I am the parent of numbers that cannot be told. I am a gift beyond measure, a matter of course. I am given with pleasure when taken by force. What am I?",Kiss.
I am killer of trees but people need me. I can be blown away by a breeze and I have been here since ancient Greece?,Paper.
I am known for my natural tuxedo and marching. What am I?,Penguin.
"I am larger than castle, lighter than air, yet a thousand men could not move me?",Shadow.
"I am lighter than air but a hundred people cannot lift me. Careful, I am fragile. What am I?",Bubble.
"I am lighter than air but a million men cannot lift me up, What am I?",Bubble.
I am lighter than air but a million men cannot lift me up. What am I?,Bubble.
I am lighter than the material I am made of. You see parts of me but more of me is hidden underneath. What am I?,Iceberg.
I am like thunder in your cranium. What am I?,Headache.
"I am liquid in nature but dont me to far, for then I may break and my damage may scar?",Glass.
"I am long and slim, works in light. Has but one eye and an awful bite. What am I?",Needle.
I am long and thin and make things right. I will repair your mistake but watch my bite. What am I?,Needle.
I am longer than a decade and shorter than a millennium. What am I?,Century.
"I am loved, for I am sweet. I come in many forms but I’m always a treat before apple and after cotton dentists contend that I’ll make your teeth rotten. What am I?",Candy.
"I am made by nature, soft as silk; A puffy cloud, white as milk; Snow tops this tropical crop; The dirtiest part of a mop. What am I?",Cotton.
I am made of the stuff around me but lighter than it. I am more hidden than seen. What am I?,Iceberg.
"I am merry creature in pleasant time of year, As in but certain seasons, I sing that you can hear; And yet I'm made a by-word, A very perfect mock; Compared to foolish persons and silliest of all folk?",Cuckoo.
"I am merry creature in pleasant time of year, as in but certain seasons, I sing that you can hear; And yet I'm made a by-word, A very perfect mock; Compared to foolish persons and silliest of all folk. What am I?",Cuckoo.
I am milky white and scares people. What am I?,Ghost.
I am million people's wakeup call. What am I?,Coffee Bean.
I am mother and father but never birth or nurse. I'm rarely still but I never wander?,Tree.
I am mother and father but never birth or nurse. I'm rarely still but I never wander. What am I?,Tree.
I am nature's way of applauding lightning. What am I?,Thunder.
I am needed for most animals and hardcover books. What am I?,Spine.
I am neither a guest nor a trespasser in this place. I belong that belongs to me. Where is it?,Home.
"I am never quite what I appear to be. Straight-forward I seem but it's only skin deep. For mystery most often lies beneath my simple speech. Sharpen your wits, open your eyes, look beyond my exteriors, read me backwards, forwards, upside down. Think and answer the question.?",Riddle.
"I am never quite what I appear to be. Straight-forward I seem but it's only skin deep. For mystery most often lies beneath my simple speech. Sharpen your wits, open your eyes, look beyond my exteriors, read me backwards, forwards, upside down. Think and answer the question..What am I?",Riddle.
"I am not a toy, though many use me for pleasure. I have a butt but I cannot poop. What am I?",Cigarette.
"I am not alive and yet I grow. Just put me next to where it grows. A favorite of the summertime, best with friends when combined. What am I?",Marshmallow.
I am not alive but I grow; I don't have lungs but I need air; I don't have a mouth but water kills me?,Fire.
I am not alive but I grow; I don’t have lungs but I need air; I don’t have a mouth but water kills me. What am I?,Fire.
"I am not alive but seem so, because I dance and breathe with no legs or lungs of my own. What am I?",Flame.
I am not eaten or baked but I'm sure you'll find that some problems are solved with me in mind. What am I?,Pi.
I am not very commonly found! Only in some rainforest! I have an odd number of toes! I'm very lazy and hang upside down! What am I?,Sloth.
"I am nothing really at all, Yet I am easily found; Ignore me at your own peril and you might end up crowned?",Cavity.
I am often sold by children entrepreneurs in summer time. What am I?,Lemonade.
"I am one small little piece of paper, yet sometimes hold lots of value. I am all you need to get in to big events but will cost you. I am an important part of travel. And if lost, you're not coming. What am I?",Ticket.
I am orange and sound like a parrot. What am I?,Carrot.
"I am owned by every man, though my length differs. Their wives uses me after getting married. What am I?",Last Name.
I am owned by Old McDonald. What am I?,Farm.
"I am owned by the poor, the rich does not need me. If you eat me, you will die! What am I?",Nothing.
I am part of the bird that is not in the sky. I can swim in the water but always stay dry. What am I?,Shadow.
I am partially baked. I am not completely lit. I am a portion of the moon. I am lesser than full wit. I am a divider of the hour. I am not a total lie. I am a sibling through one parent?,Half.
I am partially baked. I am not completely lit. I am a portion of the moon. I am lesser than full wit. I am a divider of the hour. I am not a total lie. I am a sibling through one parent. What am I?,Half.
I am partly blind but can still see. I have legs but only use them for sleeping. What am I?,Bat.
I am partly blind but can still see. I have legs but use them only for sleeping? What am I?,Bat.
"I am perfect with a head, perfect without a head; Perfect with a tail, perfect without a tail; Perfect with either, neither, or both. What am I?",Wig.
I am pinched by grandmas. What am I?,Cheeks.
"I am pronounced as one letter, written with three. I come in blue, black, brown, or grey. Reverse me and I read the same either way. What am I?",Eye.
"I am put on a table, cut but never eaten?",Cards.
I am quick when I'm thin. I am slow when I'm fat. Wind is my worst nightmare. What am I?,Candle.
I am rarely touched but often held and if you are smart you'll use me well. What am I?,Tongue.
"I am round as a bowl, deep as a tub but all the worlds water couldnt fill me up?",Sieve.
I am round or oval. I can be light or dark. You can cut me in pieces. What am I?,A potato.
I am round. I have only one line. Circle is not my name indeed. What am I?,Oval.
I am rubber you can eat! What am I?,Jello.
I am running all the time but never get tired or hot. What am I?,The refrigerator.
I am seen in the water and in the sky. I am in the rainbow and a jay's feather. What am I?,Blue.
"I am seen in the water. If seen in the sky, I am in the rainbow, a jay's feather and lapis lazuli?",Blue.
"I am seen in the water. If seen in the sky, I am in the rainbow, a jay's feather and lapis lazuli. What am I?",Blue.
I am set in white but colored myself. I have no words but I reveal much. What am I?,Eye.
"I am slim and tall, many find me desirable and appealing, they touch me and I give a false good feeling, once I shine in splendor but only once and then no more, for many I am ""to die for"". What am I?",Cigarette.
"I am small but, when entire, of force to set a town on fire; Let but one letter disappear, I then can hold a herd of deer; Take one more off and then you'll find I once contained all human kind?",Spark.
I am so delicious that I require a house to contain me. What am I?,Pancakes.
"I am so simple that I can only point, yet I guide people all over the world?",Compass.
I am so simple that I can only point. Yet I guide men all over the world?,Compass.
I am soldier and I really hate one month. Which month I am talking about?,March.
I am some one you don't know. Who am i?,Stranger.
"I am something many people don't enjoy having as a friend, including you. But I am called upon anything someone is injured?",Pain.
I am something that floats. But after a period of time I fall. What am I?,Balloon.
I am sometimes referred to as chips. What am I?,French Fries.
I am sometimes white but usually black. I take you there but I never bring you back. What am I?,Hearse.
I am sometimes yellow and sometimes white. Half of me is dark and the other is light. What am I?,Moon.
"I am taken from a mine and shut up in a wooden case, from which I am never released and yet I am used by almost everybody?",Pencil Lead.
I am ten little beans your look at everyday. What am I?,Toes.
"I am the beginning of eternity, the end of time and space, the beginning of every end, the end of every place. What am I?",E.
"I am the beginning of everything, the end of everywhere. I'm the beginning of eternity, the end of time and space. What am I?","Also the letter ""e""."
"I am the beginning of everything, the end of everywhere. I’m the beginning of eternity, the end of time and space. What am I?","The letter ""e""."
"I am the beginning of sorrow and the end of sickness. You cannot express happiness without me, yet I am in the midst of crosses. I am always in risk, yet never in danger. You may find me in the sun but I am never seen out of darkness?",S.
I am the beginning of the end and the end of time and space. I am essential to creation and I surround every place. What am I?,E.
I am the best thing that can happen after a stick hits a ball. What am I?,Home Run.
"I am the black child of a white father, a wingless bird, flying even to the clouds of heaven. I give birth to tears of mourning in pupils that meet me, even though there is no cause for grief and at once on my birth I am dissolved into air. What am I?",Smoke.
I am the book one can never finish reading. What am I?,Autobiography.
I am the building with the most number of stories. What am I?,Library.
I am the fastest animal but cannot climb the tree. What am I?,A cheetah.
I am the fountain from which no one can drink. For many I am considered a necessary link. Like gold to all I am sought for but my continued death brings wealth for all to want more?,Oil.
"I am the heart that does not beat. If cut, I bleed without blood. I can fly but have no wings. I can float but have no fins. I can sing but have no mouth?",Wood.
"I am the hole in the night, the ever watchful eye. I return in a cycle, to enlighten the sky?",Moon.
I am the home for feathery animals. What am I?,Nest.
I am the key that is the hardest to turn What am I?,Donkey.
I am the killer of trees but people need me. I can be blown away by a breeze and I have been here since ancient Greece. What am I?,Paper.
I am the kind of ant that's good at math. What am I?,Accountant.
I am the kind of dog that chases anything red. What am I?,Bulldog.
I am the kind of fish that chases a mouse. What am I?,Catfish.
I am the kind of food monkey likes and people slip on me and fall in cartoons. What am I?,Banana.
I am the kind of nut that is empty at the center and has no shell. What am I?,Donut.
I am the kind of soda you must not drink. What am I?,Baking Soda.
I am the minerals vital for your good health. What am I?,Vitamin.
I am the noblest musical instrument. What am I?,Upright Piano.
I am the noise Santa's reindeers make. What am I?,Jingle.
"I am the number nine you see. Before 100, how many will you count of me?",Twenty.
I am the only thing that place today before yesterday. What am I?,Dictionary.
"I am the only vegetable or fruit that is never sold frozen, canned, processed, or in any other form but fresh. What am I?",Lettuce.
I am the only word that looks the same when spelled upside down. What am I?,Swims.
"I am the outstretched fingers that seize and hold the wind. Wisdom flows from me in other hands. Upon me are sweet dreams dreamt, my merest touch brings laughter?",Feather.
"I am the outstretched fingers that seize and hold the wind. Wisdom flows from me in other hands. Upon me are sweet dreams dreamt, my merest touch brings laughter. What am I?",Feather.
I am the place to turn when nature calls. What am I?,Bathroom.
I am the reaction after enjoying soda. What am I?,Belch.
"I am the red tongue of the earth, that buries cities?",Lava.
"I am the same written forward, backward and upside down. What am I?",Noon.
I am the second L in LOL. What am I?,Loud.
I am the signature stroll of ducks and penguins. What am I?,Waddle.
I am the state when a person is holding a person inside. What am I?,Pregnant.
"I am the third from a sparkle bright, I thrive throughout the day and night. Deep in the path of a cows white drink. I've had thousands of millions of years to think. But one of my creatures is killing me. And so the question I ask to thee, is who am I?",Earth.
"I am the third from a sparkle bright, I thrive throughout the day and night. Deep in the path of a cows white drink. I've had thousands of millions of years to think. But one of my creatures is killing me. And so the question I ask to thee, is?",Earth.
"I am the tool, for inspiring many. Buy me in the store, for not much more than a penny. Don't overuse me, or my usefulness will go?",Pen.
I am the type of room you can not enter or leave. Raise from the ground below. I could be poisonous or a delicious treat. What am I?,Mushroom.
"I am the ultimate killing machine, used not once but TWICE, I can be made by humans. What am I?",War.
I am the word that has three syllables and twenty six letters. What am I?,Alphabet.
I am the word that is always spelled correctly by everyone. What am I?,Correctly.
I am the yellow hem of the sea's blue skirt?,Beach.
"I am three simple words, everyone wants to hear. Three simple words, such simple words and yet.. life changing.. What am I?",I Love You.
I am too much for one but not enough for two. Give me to a third and I am gone. What am I?,Secret.
"I am two-faced but bear one head. Men spill their blood for me. I have no legs but travel widely. I make kings immortal. I am potent when shared, yet lust for my power keeps me locked away?",Money.
"I am two-faced but bear only one. I have no legs but travel widely. Men spill much blood over me. Kings leave their imprint on me. I have greatest power when given away, yet lust for me keeps me locked away?",Coin.
"I am two-faced but bear only one. I have no legs but travel widely. Men spill much blood over me. Kings leave their imprint on me. I have greatest power when given away, yet lust for me keeps me locked away. What am I?",Coin.
"I am used to bat with, yet I never get a hit. I am near a ball, yet never thrown. What am I?",Eyelash.
I am used when you jump off a bridge for fun. What am I?,Bungee.
I am very afraid of doing scary activities. What am I?,Chicken.
I am very important but often overlooked. What am I?,Nose.
"I am very large but look very small. When night falls, I am cherished by all. What am I?",Star.
I am weightless but you can see me. Put me in a bucket and I'll make it lighter. What am I?,Hole.
"I am weightless, yet no man can hold me for long. What am I?",Breath.
I am what bring things together. Without me everything you see would be a total mass or debris everywhere. What am I?,Gravity.
"I am where the sky is orange, I am where the glass is red, I am the land of violet bananas and the home to blue oranges?",Negative.
I am white and I am black. I am fast and I am not fat. I confuse many people with my style. Who am I?,Zebra.
"I am white, black and red all over. What am I?",Newspaper.
"I am whole but incomplete. I have no eyes, yet I see. You can see and see right through me. My largest part is one fourth of what I once was?",Skeleton.
"I am whole but incomplete. I have no eyes, yet I see. You can see and see right through me. My largest part is one fourth of what I once was. What am I?",Skeleton.
I am wingless but airborne and when I meet your gaze tears will fall from your eyes. What am I?,Smoke.
"I am wood that is neither hard, straight, or crooked. What am I?",Saw Dust.
I am yellow and I write and my mate is white. What am I?,A pencil.
"I am yellow on the outside, white inside and very appealing. What am I?",Banana.
I am young in the sun and trapped to be aged. Held in a bottle but opening is delayed. What am I?,Wine.
I am your mothers brothers only brother in law. who am I?,Father.
"I am, in truth, a yellow fork from tables in the sky by inadvertent fingers dropped the awful cutlery. Of mansions never quite disclosed and never quite concealed the apparatus of the dark to ignorance revealed. What am I?",Lightning.
"I appear in the morning but am always there. You can never see me through I am everywhere. By night i am gone, though I sometimes never was. Nothing can defeat me but I am easily gone?",Sunlight.
"I appear in the morning. But am always there. You can never see me. Though I am everywhere. By night I am gone, though I sometimes never was. Nothing can defeat me. But I am easily gone?",Sunlight.
I ask no questions but receive a lot of answers. What am I?,Doorbell.
"I beam, I shine, I sparkle white. I'll brighten the day with a single light. I'll charm and enchant all. I'll bring the best in you all. What am I?",Smile.
I become shorter when you add 2 letters to me. What am I?,Short.
I begin and have no end. Eventually I will be the ending of all that has begun. What am I?,Death.
I begin your sentences. What am I?,Capital.
"I belong to everyone. Sometimes make you happy, sometimes make you sad. I will never end until the day you do. What am I?",Thoughts.
I belong to you but others use me more often than you do. What am I?,Name.
I bind it and it walks. I loose it and it stops?,Sandal.
"I bind it, it walks. I loosen it stops. What is it?",Sandal.
I bring milk and have a horn but I am not a cow. What am I?,Milk Truck.
I bubble and laugh and spit water in your face. I am no lady and I don't wear lace?,Fountain.
I build up castles. I tear down mountains. I make some men blind but I help others to see. What am I?,Sand.
I build up castles. I tear down mountains. I make some men blind. I help others to see?,Sand.
I cab be full but I will never spill. I disappear at times but return I always will. What am I?,Moon.
"I came to town and met three people; they were neither men, nor women, nor children; what were they?","A man, a woman and a child."
I can alter the actions of a king and leave puzzled the greatest of philosophers. What am I?,Woman.
I can be as thin as a picture frame but my insides have many things you can see. What am I?,Television.
I can be caught but not thrown?,Cold.
I can be cracked or played; told or made. What am I?,A joke.
"I can be cracked, I can be made. I can be told and I can be played?",Joke.
"I can be cracked, I can be made. I can be told, I can be played?",Joke.
"I can be cracked, made, told and played. What am I?",Joke.
I can be cut but I can’t ever be cooked or eaten. What am I?,A deck of cards.
I can be driven but have no wheels. I can be sliced but still remains whole. What am I?,Golf Ball.
I can be entertaining until you realize some pieces have been lost. What am I?,Puzzle.
I can be found after you remove 6 letters from BSAINXLEATEARS. What am I?,Banana.
"I can be found in seconds, minutes and centuries but not in days, years or decades?",N.
I can be found in water but never wet. What am I?,Reflection.
"I can be found on a present, the front of a boat, or after the rain. What am I?",Bow.
"I can be found on fingers, in toolboxes and in snails. What am I?",Nail.
I can be hairy and itchy all over. I hang on a stick. I can be the scariest thing you have ever seen. I stand in the middle of nowhere. What am I?,Scarecrow.
I can be heard in a court of carried with you. What am I?,Case.
I can be long or short. I can be grown or bought. I can be painted or left bare. My tip can be round or square. (one word) What am I?,Fingernails.
"I can be long, or i can be short. I can be grown,and i can be bought. I can be painted, or left bare. I can be round, or square?",Fingernail.
"I can be moved. I can be rolled. But nothing will I hold. I'm red and I'm blue and I can be other colors too. Having no head, though similar in shape. I have no eyes - yet move all over the place?",Ball.
"I can be quick and then I'm deadly, I am a rock, shell and bone medley. If I was made into a man, I'd make people dream, I gather in my millions By ocean, sea and stream?",Sand.
"I can be red, blue, purple and green. No one can reach me, not even the queen. What am I?",Rainbow.
I can be repeated but rarely in the same way. I can't be changed but can be rewritten. I can be passed down but should not be forgotten. What am I?,History.
"I can be round or shot, painted or bare. Sometimes I am round, at others I'm square. What am I?",Fingernail.
"I can be short and sometimes hot. When displayed, I rarely impress?",Temper.
I can be simple or I can be complex. I can be found in this riddle or in everyday life. I c an be shapes or even colors. What am I?,Pattern.
I can be simple or I can be complex. I can be found in this riddle or in everyday life. I can be shapes or even colors. What am I?,Pattern.
I can be swallowed but I can also swallow you. What am I?,Pride.
I can be sweet or sour. I do not rhyme with any other word. What am I?,Orange.
I can be thin but not fat; in your body but never on your placemat. I'm always better when I'm fresh but you'll never see me in the flesh. What am I?,Air.
I can be told and can make you crazy. Most people don't like me and think I'm harmful?,Lie.
I can be told and can make you crazy. Most people don't like me and think I'm harmful. What am I?,Lie.
"I can be told, I can be played. I can be cracked and I can be made. What am I?",Joke.
"I can be used to type and point you see. But don't forget, you can count on me. What am I?",Fingers.
I can be winding and I can be straight. I can be smooth and I can be rough. Sometimes both. I start out black but fade to brown the more I am used. My favorite colors are yellow and white and I love stripes and dashed lines. What am I?,Road.
"I can be written, I can be spoken, I can be exposed, I can be broken?",News.
I can bring back the dead and a tear to your eye. A stir of emotions will follow close by. What am I?,Memories.
I can burn your mouth and sting your eye but I am consumed everyday. What am I?,Salt.
I can fall off a building and live but in water I will die. What am I?,Paper.
"I can feel any space, float and disappear. Never touching the ground I help others get around. What am I?",Gas.
I can fill a house or fill your mouth but you can never catch me in your hands. What am I?,Smoke.
I can fill a room but I take up no space. What am I?,Light.
I can fill a room but take up no space. Look out at night and I am in no place. What am I?,Light.
"I can fly but I have no wings. I can cry but I have no eyes. Wherever I go, darkness follows me. What am I?",Cloud.
I can generate fear and some say I come out of your ears. I am as quite as a mouse but not welcomed in the house. What am I?,Smoke.
I can go through glass without breaking it. What am I?,Light.
I can help you to mend. I hide my body but never my head. What am I?,Nail.
I can honk without using a horn?,Goose.
I can honk without using a horn. What am I?,A goose.
"I can invent dreams or open the skies. It's easy to use me, just close your eyes. What am I?",Imagination.
"I can never be stolen from you. I am owned by everyone. Some have more, some have less. What am I?",Knowledge.
I can only be played on a windy day. What am I?,Kite.
"I can run but not walk, have a mouth but cant talk and a bed but I do not sleep. What am I?",River.
"I can run but not walk. Wherever I go, thought follows close behind?",Nose.
"I can run but not walk. Wherever I go, thought follows close behind. What am I?",Nose.
I can shave everyday but my beard will stay. who am I?,Barber.
I can sing but I can't talk. I can climb a high tree but can't run. I have very soft hair and a very hard mouth?,Bird.
"I can sizzle like bacon, I am made with an egg. I have plenty of backbone but lack a good leg. I peel layers like onions but still remain whole. I can be long, like a flagpole, yet fit in a hole?",Snake.
"I can sizzle like bacon. I am made with an egg, I have plenty of backbone but lack a good leg. I peel layers like onions but still remain whole. I can be long, like a flagpole, yet fit in a hole. What am I?",Snake.
"I can speak with my hard metal tongue. But I cannot breathe, for I have no lung. What am I?",Bell.
I can swim but never get wet. I can run but never get tired. I follow you everywhere but never say a word. What am I?,Shadow.
"I can trap many different things and colors, Ever changing, not boring. Look closely and you may find yourself Also caught in my trap?",Mirror.
I can travel from there to here by disappearing and here to there by reappearing?,T.
I can travel the world without leaving my corner. What am I?,Stamp.
I can wake you up in the morning but I require no electricity or winding. What am I?,Rooster.
"I can wave my hands at you but I never say goodbye. You are always cool when with me, even more so when I am high! What am I?",Electric Fan.
I can't believe it's not?,Butter.
"I can't go left, I can't go right. I am forever stuck in a building over three stories high. What am I?",Elevator.
"I cannot be bought, cannot be sold, even if I'm sometimes made of gold. What am I?",Heart.
I cannot be burned in fire or drowned in water. What am I?,Ice.
"I cannot be felt or moved but as you come closer, I get more distant. What am I?",Horizon.
"I cannot be felt, seen or touched. Yet I can be found in everybody. My existence is always in debate. Yet I have my own style of music?",Soul.
"I cannot be felt, seen or touched. Yet I can be found in everybody. My existence is always in debate. Yet I have my own style of music. What am I?",Soul.
"I cannot be other than what I am, Until the man who made me dies, Power and glory will fall to me finally, Only when he last closes his eyes?",Prince.
"I cannot be other than what I am, until the man who made me dies. Power and glory will fall to me finally. Only when he last closes his eyes?",Prince.
I cannot be used until I have been broken. What am I?,Egg.
"I cannot hear or even see but sense light and sounds there may be, sometimes I end up on a hook, I can be combined with a book?",Worm.
"I cannot walk and cannot see, I'm straw on a stick but keep things tidy. What am I?",Broom.
I carried by mad animals. What am I?,Rabies.
I carry my home on my back. I am not rich but I leave silver in my track. What am I?,Snail.
I carry you down a gental stream. What am I?,Rowboat.
I cause involuntary movements in your vehicle. What am I?,Tow Truck.
I climb higher as I get hotter. I can never escape from my crystal cage. What am I?,Mercury.
I come down but never go up. What am I?,Rain.
"I come in different colors and shapes. Some parts of me are curvy, some are straight. You can put me anywhere you like but there is only one right place for me. What am I?",Jigsaw Puzzle.
"I come in many colors, so beautiful and bright, I turn homes into a beautiful sight. What am I?",Christmas lights.
I come in many different colors and I get bigger when I’m full. I will float away if you don’t tie me down and I will make a loud sound if I break. What am I?,A balloon.
I come in many shapes and colors. I sing in the breeze but only live 7 months. What am I?,Leaf.
"I come in many shapes, sizes and colors. I stick to many surfaces but I am, in fact, not sticky at all. What am I?",Magnet.
"I come in winter. I cannot see, hear, or feel. I can't eat but you can eat parts of me?",Snowman.
"I come off a beautiful creature, which soars in the sky. I come off a peckish creature, which has a tail as mighty as the sun! I am sometimes dirty and parents beg you not to pick me up. What am I?",Feather.
"I come out of the earth, I am sold in the market. He who buys me cuts my tail, takes off m suit of silk and weeps beside me when I am dead?",Onion.
I come with a train and go with a train and the train doesn't need me but can't go without me. What am I?,Noise.
"I come without being fetched at night, hides away as soon as daylight strikes. Although I may look small, I am much mightier than what you can imagine. What am I?",Star.
"I consist mostly of lettuce, along with a variety of other veggies. Ranch is one of my popular dressings. What am I?",Salad.
"I consist of several parts. Two slices of bread, usually cheese and some kind of lunch meat. What am I?",Sandwich.
I contain five little items of an everyday sort. You can find all five in a tennis court. What am I?,Vowels.
"I contain six letters, minus one and you got twelve. What am I?",Dozens.
"I contain words about words, some of which you've never heard. What am I?",Dictionary.
"I cost no money to use, or conscious effort to take part of. And as far as you can see, there is nothing to me. But without me, you are dead?",Air.
I count time but have no end. Tick tick but I am not a clock. What am I?,Metronome.
I cover reality and hide what is true but may bring out the courage in you. What am I?,Make up.
I cover what is real and hide what is true but sometimes I bring out the courage in you?,Makeup.
I cover what is real and hide what is true. But sometimes I bring out the courage in you. What am I?,Makeup.
"I cover what's real, hide what is true but sometimes bring out the courage in you. What am I?",Makeup.
I cover what’s real; hide what is true but sometimes bring out the courage in you. What am I?,Makeup.
I cracked by Indiana Jones. What am I?,Whip.
I crawl on the earth and rise on a pillar?,Shadow.
I crawl on the earth and rise on a pillar. What am I?,Shadow.
I crawl on the earth. And rise on a pillar?,Shadow.
I crushed on Wendy Darling. What am I?,Peter Pan.
"I cut through evil like a double edged sword and chaos flees at my approach. Balance I single-handedly upraise, through battles fought with heart and mind, instead of with my gaze?",Justice.
"I cut through evil like a double edged sword and chaos flees at my approach. Balance I single-handedly upraise, through battles fought with heart and mind, instead of with my gaze. What am I?",Justice.
I dance and sing in the breeze but I have neither voice nor feet. What am I?,Tree.
I dance on one feet and knows only one shape. Someone with same name as me is very good with directions. What am I?,Compass.
I describe a toilet cleaner as well as one of Santa's reindeer. What am I?,Comet.
I destroy your home from inside out. What am I?,Termite.
"I dig out tiny caves and store gold and silver in them. I also build bridges of silver and make crowns of gold. Sooner or later everybody needs my help, yet many people afraid to let me help them. What am I?",Dentist.
I dig out tiny caves and store gold and silver in them. I also build bridges of silver and make crowns of gold. They are the smallest you could imagine. Sooner or later everybody needs my help. Yet many people are afraid to let me help them?,Dentist.
I direct you from outer space. What am I?,GPS.
I do not breathe but I run and jump. I do not eat but I swim and stretch. I do not drink but I sleep and stand. I do not think but I grow and play. I do not see but you see me everyday?,Leg.
"I do not contain flesh, feather, or scales; yet I have fingers and thumbs. What am I?",Glove.
I do not have eyes but I once could see. I used to have thoughts but now I'm empty. What am I?,Skull.
I do not speak but there is no word I cannot make. What am I?,Alphabet.
I don't forget! What am I?,Elephant.
"I don't live within a house, nor do I live without. Most will use me when they come in and again when they go out. What am I?",Door.
I don't think or eat or slumber. Or move around or fear thunder. Just like you I look the same but I can't harm you or be your bane?,Doll.
I drift forever with the current and flows to your everyday life. I make living easy but I am good at killing people too. What am I?,Electricity.
"I drift forever with the current down these long canals they’ve made, Tame, yet wild, I run elusive Multitasking to your aid. Before I came, the world was darker, colder, sometimes, rougher, true. But though I might make living easy, I’m good at killing people too?",Electricity.
"I drive men mad for love of me, easily beaten, Never free?",Gold.
"I drive men mad for love of me. Easily beaten, never free?",Gold.
"I drive men mad for the love of me. Easily beaten, never free. What am I?",Gold.
"I eat as you turn me, my blade cutting wood. When I am full, empty me you should. What am I?",Sharpener.
"I eat, I live, I breathe, I live, I drink, I die. What am I?",Fire.
"I enclose you in darkness but allow you to see many things. If you resist me, you're likely to get rings. What am I?",Sleep.
I encourage people to run home and steal. What am I?,Baseball.
I engulf you in darkness but you see many things. I can be resisted but a lack of me leaves rings. What am I?,Sleep.
I fall but I never get hurt. What am I?,Snow.
I fall but I never get hurt?,Snow.
I fall from the sky but am not rain. I like the cold and not the sun. People like to eat me. What am I?,Snow.
I fasten it and it walks. I unfasten it and it stops. What is it?,Sandal.
I fill a room but take no space. What am I?,Light.
I flow from the mouth of Homer when he sees doughnuts. What am I?,Drool.
I fly away as soon as you set me loose. People around you may slowly move away once they sense my presence. What am I?,Fart.
I fly but have no wings. I cry but have no eyes. I see the sky get dark and I see when the sun comes up. What am I?,Cloud.
"I fly forever, Rest never. What am I?",Wind.
I fly in the air without engines and am controlled by man on the ground. What am I?,Kite.
"I fly through the air on small feathered wings, seeking out life and destroying all things?",Arrow.
"I fly to any foreign parts, assisted by my spreading wings. My body holds an hundred hearts, Nay, I will tell you stranger things when I am not in haste I ride and then I mend my pace anon. I issue fire from my side. You witty youths, this riddle con?",Ship.
"I fly to any foreign parts, assisted by my spreading wings. My body holds an hundred hearts, Nay, I will tell you stranger things when I am not in haste I ride and then I mend my pace anon. What am I?",Ship.
I fly when I'm on and float coming off. What am I?,Feather.
"I fly, yet I have no wings. I cry, yet I have no eyes. Darkness follows me, lower light I never see. What am I?",Cloud.
"I fly, yet I have no wings. I cry, yet I have no eyes. Darkness follows me?",Cloud.
"I fly, yet I have no wings. I cry, yet I have no eyes. Darkness follows me. Lower light I never see?",Cloud.
"I fly, yet I have no wings. I cry, yet I have no eyes. Darkness follows me. Lower light I never see. What am I?",Cloud.
I follow you all the time and copy your every move but you can’t touch or catch me. What am I?,Your shadow.
"I get paid to shoot people, then blow them up. What am I?",Photographer.
I get wet when drying?,Towel.
I get wet when drying. I get dirty when wiping. What am I?,Towel.
"I give life for my own, have a beginning but my end is unknown. What am I?",Sun.
I give milk and have a horn but I'm not a cow? Who am I?,Milk Truck.
I give milk and have a horn but I'm not a cow. What am I?,Milk Truck.
I give milk and I have a horn but I’m not a cow. What am I?,A milk truck.
"I give people a huge fright but at the end I'm sweet. I normally celebrate at night, when there's less heat. What am I?",Halloween.
I give you one and you have two or none. What am I?,A choice.
I go all around the world but never leave the corner. What am I?,A stamp.
I go around a yard but does not move. What am I?,Fence.
I go around and in the house but never touches the house. What am I?,Sun.
"I go around in circles but always straight ahead. Never complain, no matter where I am led?",Wheel.
"I go around in circles but always straight ahead. Never complain, no matter where I am led. What am I?",Wheel.
"I go from house to house, a messenger small and tight. Weather it rains or snows. I sleep outside at night. What am I?",Road.
"I go in dry and come out wet, the longer I'm in, the stronger I get. What am I?",Teabag.
"I go in dry and come out wet. The longer I stay in, the stronger my surroundings get. What am I?",Tea Bag.
"I go in dry and come out wet. The longer I'm in, the stronger I get. What am I?",Tea Bag.
I go in hard and dry. I come out soft and sticky. You can blow me?,Gum.
I go in hard and I come out soft. You blow me hard. What am I?,Gum.
"I go in hard, come out soft. Blow me hard and I'll make a pop. What am I?",Gum.
I go in hard. I come out soft. You blow me hard. What am I?,Gum.
I go inside boots and outside shoes. What am I?,Ankles.
I go through a door but never go in and never come out. What am I?,Keyhole.
I go up and down at the same time. Up towards to sky and down towards the ground. What am I?,See-Saw.
I go up and down but never move. What am I?,A staircase.
"I go up and never come down no matter how hard you wish. As I get higher, more wrinkles crawl on to the face. What am I?",Age.
I go up when the rain comes down. What am I?,Umbrella.
I grow down as I grow up. What am I?,A goose. Goose feathers are called down.
I grow up while growing down What am I?,Goose.
"I had a bright start but I couldn't take the pressure. I consume everything, yet I don't eat anything. What am I?",Black Hole.
I hatch without food What am I?,Hunger.
I have 4 eyes but cannot see. What am I?,Mississippi.
I have a big mouth and I am also quite loud! I am not a gossip but I do get involved with everyone's dirty business?,Vacuum Cleaner.
I have a body of stone and a fiery heart and sooner or later my head and I will part. What am I?,Volcano.
"I have a body, arms, legs and a head but have no heart nor no guts. What am I?",A skeleton.
"I have a brother. However much we run, we do not reach each other. What am I?",Wheels.
I have a face but no eyes and hands but no arms. What am I?,Clock.
"I have a face but no eyes, hands but no arms. What am I?",Clock.
"I have a face, two arms and two hands, yet I can not move. I count to twelve, yet I can not speak, I can still tell you something everyday?",Clock.
"I have a face, two arms and two hands, yet I can not move. I count to twelve, yet I can not speak. I can still tell you something everyday?",Clock.
"I have a face, yet no senses. But I don't really care, because time is of the essence?",Clock.
I have a few points but we're not competing. I'll help you win when you're eating. What am I?,Fork.
I have a foot but no legs. What am I?,Snail.
I have a frame but n picture. I have poles but not standing up. What am I?,Glasses.
I have a frame but no pictures. I have poles but not standing up. What am I?,Glasses.
I have a gown but I'm not a priest; I have a crown but I'm not a king. What am I?,Rooster.
I have a head and a tail but my eyes can never see my tail. What am I?,Coin.
"I have a head and a tail, exactly the same size?",Coin.
"I have a head, tail but no arms and legs. What am I?",Coin.
I have a heart of gold and I smell when I'm old. What am I?,Egg.
I have a hole in my back and legs I lack. I live where I can’t breathe and I eat without teeth. What am I?,A whale.
I have a hundred legs but cannot stand. I have a long neck but no head. I cannot see and I help keep your house neat and tidy. What am I?,Broom.
I have a hundred legs but cannot stand. I have a long neck but no head. I cannot see. I'm neat and tidy as can be?,Broom.
"I have a large money box, 10 inches wide and 5 inches tall. Roughly how many coins can I place in my empty money box?","Just one, after which it will no longer be empty."
I have a little house in which I live all alone. My house has no doors or windows and if I want to go out I must break through the wall. What am I?,Chicken.
I have a little pool with two layers of wall around it. One white and soft and the other dark and hard. Amidst a light brown grassy lawn with an outline of a green grass. What am I?,Coconut.
"I have a little sister, they call her Peep, Peep; She wades the waters deep, deep, deep; She climbs the mountains high,high, high; Poor little creature she has but one eye?",Star.
"I have a long tail that I let fly. Every time I go through a gap, I leave a bit of my tail in the trap. What am I?",Needle.
I have a metal roof and glass wall. I burn and burn but never fall. what am I?,Lantern.
I have a mouth on my head and eat everything. What am I?,Backpack.
I have a name that's not mine and no one cares about me in their prime. People cry at my sight and lie by me all day and night. What am I?,Tombstone.
"I have a neck and no head, two arms but no hands. I'm with you to school, I'm with you to work. What am I?",Shirt.
I have a neck but no head. I have a body but no arm. I have a bottom but no leg?,Bottle.
I have a red cap on my head and a stone in my throat my sweetness is something of note. What am I?,Cherry.
I have a ring but no fingers. I used to stay still all the time but nowadays I follow you around. What am I?,Telephone.
I have a small hill with seven holes. What am I?,Head.
I have a straight back and sharp teeth to cut objects. What am I?,Saw.
I have a tail and a head but no body. What am I?,A coin.
I have a tail. I can fly. I'm covered in colorful feathers. I can whistle and I can talk?,Parrot.
I have a thousand needles but I do not sew. What am I?,A porcupine.
I have a title and many pages. I am a genteel of genteel descent. I am a killer veteran of war. I am a slave to my lord pledged to his service?,Knight.
I have a title and many pages. I am a genteel of genteel descent. I am a killer veteran of war. I am a slave to my lord pledged to his service. What am I?,Knight.
"I have an end but no beginning, a home but no family, a space without room. I never speak but there is no word I cannot make. What am I?",Keyboard.
"I have an eye But cannot see, You'll head inside When you see me?",Storm.
I have an eye but cannot see. I am stronger and faster then any man alive but have no limbs?,Hurricane.
I have an eye but cannot see. What I am?,Needle.
I have arms but cannot carry a thing. But wave at me and I wave back at you. What am I?,Reflection.
I have been around for millions of year but I am never more than a month old?,Moon.
"I have been the beginning of ideas for all time, yet I am just one simple small object, the things that you can use me for can be frustrating and also I can be pretty. I have some of the most valuable thing in the world on me, yet almost everyone owns me. With me you can make anything. What am I?",Paper.
"I have branches but no fruit, trunk, or leaves. What am I?",A bank.
I have cities but no houses. I have forests but no trees. I have water but no fish. What am I?,A map.
"I have cities with no people, forests with no trees and oceans with no water. What am I?",Map.
I have Eighty-eight keys but cannot open a single door. What am I?,Piano.
I have every color but no gold. What am I?,Rainbow.
I have fangs and enjoy piecing holes with a single bit. What am I?,Stapler.
"I have feathers that help me fly; with head and body but I'm not alive. Very skinny and a fixed length, how far I go depends on?",Arrow.
I have feet on my head. What am I?,Lice.
I have five letters and people eat me. When you remove my first letter I become a crime. Remove my first two letters and I am an animal. If you remove my first and last letters I'm a form of music?,Grape.
"I have four eyes, yet I can’t see a thing. What am I?",MISSISSIPPI.
I have four legs but no tail. Usually I am heard only at night?,Frog.
"I have four legs, one head and a foot. What am I?",Bed.
"I have four wings but cannot fly. I never laugh and never cry. On the same spot always found, toiling away with little sound?",Windmill.
"I have got three eyes and all are in a straight line. When my red eyes opens, everything freezes. What am I?",Traffic Lights.
"I have green hair, a round red head and a long thin white beard. What am I?",Radish.
I have hands but cannot clap. What am I?,Clock.
"I have holes on the top and bottom. I have holes on my left and on my right. And I have holes in the middle, Yet I still hold water?",Sponge.
I have horns but I can’t beep. I like to bleat but I’m not a sheep. What am I?,A goat.
"I have keys but cannot open any locks. Sometimes loud, sometimes soft. What am I?",Music.
"I have keys but no doors. I have space but no rooms, I allow you to enter but you are never able to leave. What am I?",A keyboard.
I have keys but no locks. I have space but no room. You can enter but can't go outside?,Keyboard.
I have keys but no locks. I have space but no room. You can enter but can't go outside. What am I?,Keyboard.
I have keys but no locks. I have space but no room. You can enter but cannot go outside. What am I?,Keyboard.
"I have lakes with no water, mountains with no stone and cities with no buildings. What am I?",A map.
"I have leaves on my fruit, my fruit is on my leaves. What am I?",Pineapple.
"I have legs but never walk, I may have flowers but no soil, I hold food but never eat?",Table.
I have legs but seldom walk; I backbite many but never talk; I seek places that can hide me because those that feed me cannot abide me?,Flea.
"I have legs but walk not, a strong back but work not, two good arms but reach not, a seat but sits and tarry not?",Armchair.
"I have legs but walk not, a strong back but work not. Two good arms but reach not. A seat but sit and tarry not?",Chair.
"I have long legs, crooked thighs, little head and no eyes. What am I?",Tongs.
I have many feathers to help me fly. I have a body and head but I'm not alive. It is your strength which determines how far I go. You can hold me in your hand but I'm never thrown?,Arrow.
I have many feathers to help me fly. I have a body and head but I'm not alive. Your strength determines how far I go. You can hold me in your hand but I'm never thrown?,Arrow.
I have many keys but cannot open any doors. What am I?,A piano.
"I have many letters and though it's strange to say, I stay the same no matter How many I give away?",Mailman.
I have married many woman but has never been married. What am I?,Priest.
I have married many women but I am not married. Who am I?,Priest.
"I have memories but none of my own, whatever's on my inside is what is shown. If I'm ever different it's because you changed me, I feel like a decoration, here for you to arrange me. What am I?",Picture Frame.
I have more shoes than anybody but less feet than everyone. I am met in the morning but departed in the night. I may shake as if I'm angry but I won't bite. What am I?,Ground.
"I have no beginning, end, or middle. What am I?",Doughnut.
"I have no bones and no legs but if you keep me warm, I will soon walk away. What am I?",Egg.
I have no end and am the ending of all that begins. What am I?,Death.
"I have no eyes, no legs or ears and I help move the earth. What am I?",Worm.
"I have no head and a tail I lack but I do have arms and legs and back; I inhabit the palace, the tavern, the cot, 'tis a beggarly residence where I am not. If a monarch were present (I tell you no fable), I still should be placed at the head of the table. What am I?",Chair.
"I have no head and a tail I lack but oft have arms and legs and back; I inhabit the palace, the tavern, the cot, 'Tis a beggarly residence where I am not. If a monarch were present (I tell you no fable), I still should be placed at the head of the table?",Chair.
I have no legs. I will never walk but always run. What am I?,A river.
I have no life but I can die. What am I?,A battery.
"I have no voice but I can teach you all there is to know. I have spines and hinges but I am not a door. Once I've told you all, I cannot tell you more. What am I?",Book.
I have no wings but I can fly. And I have no eyes but I can cry. What am I?,A cloud.
I have one eye. See near and far. I hold the moments you treasure and the things that make you weep?,Camera.
"I have one, you have one. If you remove the first letter, a bit remains. If you remove the second, bit still remains. If you remove the third, it still remains?",Habit.
"I have palms but not on hands, I offer foods from distant lands, When at my peak you'll see me smoke, I'm famous for my friendly folk, My flowers grow and yet they lay, There's fire where a man will play. What am I?",Hawaii.
I have rivers without water. Forests without trees. Mountains without rocks. Towns without houses?,Map.
"I have roads but no pavement, rivers but no water and cities but no buildings. What am I?",Map.
"I have roots nobody sees. I am taller than trees. Up, up I go but I never grow. What am I?",Mountain.
I have seas without water. I have forests without wood. I have deserts without sand. I have houses with no bricks?,Map.
"I have six faces but not even one body connected, eyes in total but cannot see. What am I?",Dice.
I have split the one into five. I am the circle that few will spy. I am the path that breaks and gives. I am the bow no man may bend?,Rainbow.
I have strong affection for belly buttons. What am I?,Lint.
I have thirteen hearts but no body or soul. What am I?,Deck of Cards.
I have three eyes and only one leg. Obey me or you will be sorry. What am I?,Traffic Light.
I have three feet but no arms or legs. What am I?,Yard.
"I have three heads. Cut off one, I become stronger. Cut off two, I become ten. What am I?",Fox.
I have to be broken before I can be used. What am I?,Egg.
I have to be opened but I don’t have a lid or a key to get in. What am I?,An egg.
I have two arms but fingers none. I have two feet but cannot run. I carry well but I have found I carry best with my feet off the ground. What am I?,Wheelbarrow.
I have two bodies but I am joined into one. I sit still but when flipped I run. What am I?,Hourglass.
I have two bodies joined together as one. When standing still. I ran and ran. What am I?,Hourglass.
I have two eyes in the front and a lot of eyes on my tail. What am I?,Peacock.
I have two hands but cannot clap?,Clock.
"I have two heads but only one body. The stiller I stand, the faster I run. What am I?",Hourglass.
I have two legs but they only touch the ground while I'm at rest. What am I?,Wheelbarrow.
"I have wheels and flies, yet I am not an aircraft. What am I?",Garbage Truck.
"I have wings and I have a tail, across the sky is where I sail. Yet I have no eyes, ears or mouth and I bob randomly from north to south. What am I?",A kite.
"I have wings, I am able to fly, I’m not a bird yet I soar high in the sky. What am I?",An airplane.
"I have wings. I am able to fly. I'm not a bird, yet I soar high in the sky. What am I?",An airplane.
"I heard of a wonder, of words moth-eaten. That is a strange thing, I thought, weird. That a man's song be swallowed by a worm. His blinded sentences, his bedside stand-by rustled in the night - and the robber-guest. Not one wit the wiser. For the words he had mumbled?",Bookworm.
I help boats park. What am I?,Anchor.
I help engines spin and pants stay up. What am I?,Belt.
"I help to mature your spirits. When moistened I fulfill my purpose. Should I dry out, my task will fail And my quarry may be worthless?",Cork.
I help you carry your books. What am I?,Backpack.
I hide but my head is outside?,Nail.
I hide but my head is outside. What am I?,Nail.
"I hide in a dark tunnel awaiting my time. I can only be released by pulling back. Once released, I may do unstoppable damage. What am I?",Bullet.
"I hide my treasure in the ground, my tail is big and fluffy. If you spot me in a tree, please don’t call me scruffy. What am I?",A squirrel.
"I hold two meanings. With one I may be broken, with the other I hold on. What am I?",Tie.
I hold two people together but touch only one. What am I?,Wedding Ring.
I hop around and deliver eggs at Easter. What am I?,Bunny.
I increase head turning rate tremendously for girls at beaches. What am I?,Bikini.
I invade your home once a year.. but only if you've been good. What am I?,Santa Claus.
I jump when I walk and I sit where I stand. What am I?,Kangaroo.
I jump when I walk and sit when I stand. What am I?,Kangaroo.
I keep things green and keep kids happy during summer time. What am I?,Sprinkler.
"I know a word of letters three, Add two and fewer there will be?",Few.
I know a word of letters three. Add two and fewer there will be?,Few.
I know a word of letters three. Add two and fewer there will be. What is the word?,Few.
I know a word of three letters. Add two and fewer there will be. What is it?,Few.
I known a word of letters three. Add two and fewer there will be?,Few.
"I lack much reason but often rhyme and require logic to pass the time, To get the words to tell your kin, Look for clues that lie within, Though all are different, they act the same, The answer is practically in the name?",Riddle.
I let water fall on you while everyone else stays dry. What am I?,Shower.
"I like to twirl my body but keep my head up high. After I go in, everything becomes tight. What am I?",Screw.
"I live above a star who never burns. I have neighbors but they never turn. My initial are p, q, r and sometimes s. What am I?",Seven.
I live in a bowl. I can swim. I have a tail. I also have fins and big eyes. What am I?,A goldfish.
I live in the corn and my job is to deter. Free from pests your crops I assure. What am I?,Scarecrow.
I live in water. If you cut my head I'm at your door. If you cut my tail I'm fruit. If you cut both I'm with you?,Pearl.
I live next to beauty trying to catch your eye. Grab me without looking and you're surely to cry. What am I?,Thorn.
"I live off of a busy street, if you want you can stay for an hour or two but if you don't pay rent I'll tell on you. What am I?",Parking Meter.
"I look at you, you look at me, I raise my right, you raise your left?",Mirror.
"I look at you, you look at me, I raise my right, you raise your left. What am I?",Mirror.
I look like a tiny trombone. What am I?,Paperclip.
I lose my head in the morning and regain back it at night. What am I?,Pillow.
I lost an electron?,You really have to keep an ion them.
I love spinach. What am I?,Popeye.
"I love to dance and twist and prance. I shake my tail, as away I sail. Wingless I fly into the sky?",Kite.
"I love to twist and dance. Though wingless, I fly high up into the sky. What am I?",Kite.
I make a living following the wealthy and beautiful. What am I?,Paparazzi.
"I make a loud noise when changing jacket, becomes bigger and delicious. What am I?",Popcorn.
"I make a loud sound when I’m changing. When I do change, I get bigger but weigh less. What am I?",Popcorn.
I make noise yet you don't see me make it. I alarm for good yet sometimes for worse. I have a companion. What am I?,Thunder.
I make things short but I am pretty long myself. What am I?,Abbreviation.
"I make you weak at the worst of all times. I keep you safe, I keep you fine. I make your hands sweat and your heart grow cold. I visit the weak but seldom the bold. What am I?",Fear.
"I make you weak at the worst of all times. I keep you safe, I keep you fine. I make your hands sweat. And your heart grow cold. I visit the weak but seldom the bold?",Fear.
"I march before armies, a thousand salute me. My fall can bring victory but no one would shoot me. The wind is my lover, one-legged am I. Name me and see me at home in the sky?",Flag.
"I march before armies, a thousand salute me. My fall can bring victory but no one would shoot me. The wind is my lover, one-legged am I. Name me and see me at home in the sky. What am I?",Flag.
"I may be dropped in dry but I come out wet. The longer I stay, the stronger I get. What am I?",Teabag.
"I may be made of metal, bone, or wood and have many teeth. My bite hurts no one and the ladies love me. What am I?",Comb.
I may only be given but never bought. Sinners seek me but saints do not. What am I?,Forgiveness.
I may seem real but it always turns out I was never there in the first place.. you only see me during a certain resting stage. What am I?,Dream.
I mean goodbye for South Americans. What am I?,Adios.
I met a man and drew his name. He tipped his hat and played my game. What is his name?,Andrew.
I mirror your actions. What am I?,Copycat.
"I moan, I groan, I chase after you. I never seem to rest. Time's up for you. What am I?",Children.
"I move without wings, Between silken string, I leave as you find, My substance behind?",Spider.
"I move without wings, Between silken string, I leave as you find, My substance behind. What am I?",Spider.
"I move without wings, between silken strings. I leave as you find my substance behind. What am I?",Spider.
I must be broken before you can use me. What am I?,Egg.
I need to be taken from you before you can have me. What am I?,Picture.
I never was but always will be. No one ever saw me but everyone knows I exist. I give people the motivation to better themselves everyday. What am I?,Tomorrow.
I never was but am always to be and everyone looks forward to me?,Future.
"I never was, am always to be. No one ever saw me, nor ever will. And yet I am the confidence of all, To live and breath on this terrestrial ball?",Tomorrow.
I occur twice in eternity. And I'm always within sight?,T.
"I only exist when you are here. Where you never were, I can never be. What am I?",Reflection.
"I open wide and tight I shut, Sharp am I and paper-cut fingers too, so do take care, I'm good and bad, so best beware?",Scissors.
"I pass before the sun, yet make no shadow. What am I?",Wind.
I plow and plow but never sow. What am I?,Pig.
I produce wool and spit a lot. What am I?,Llama.
"I protect, I stand tall. My goal is to strike fear in all. What am I?",A scarecrow.
I provide cover for games of footsie and tax-free wages. What am I?,Table.
I reach for the sky but clutch to the ground. Sometimes I leave but I am always around?,Tree.
I reach for the sky but clutch to the ground. Sometimes I leave but I am always around. What am I?,Tree.
I remain unseen but hold many things and when you are making a decision you consult me. What am I?,Mind.
"I ride, I ride; No tracks are left. I chop and chop; There are no chips left. He rides and rides; Turns around: There is no road left?",Boat.
I rise up free the first and second time. But need me a third and I will cost you. What am I?,Teeth.
I roam through the lands hoping to rescue my love. I search high and low and will stomp on you if you get in my way! What am I?,Mario.
I row quickly with four oars but never comes out from under my own roof. What am I?,Turtle.
I run around the city but I never move?,Wall.
I run around the city but I never move. What am I?,Wall.
"I run around the streets all day. Under the bed or by the door I sit at night, never alone. My tongue hangs out, waiting to be fed during the day. What am I?",Shoe.
"I run but never walk, I murmur but never talk, I go but never stop. What am I?",River.
"I run cold and hot, I look blue but am red?",Blood.
"I run cold and hot, I look blue but am red. What am I?",Blood.
"I run distances, often making many turns, yet I never move one foot. What am I?",Watch.
"I run over fields and woods all day. Under the bed at night I sit not alone. My tongue hangs out, up and to the rear, awaiting to be filled in the morning?",Shoe.
"I run smoother than any rhyme, I love to fall but cannot climb. What am I?",Rain.
I run through hills. I veer around mountains. I leap over rivers. And crawl through the forests. Step out your door to find me?,Road.
I run through hills. I veer around mountains. I leap over rivers. And crawl through the forests. Step out your door to find me. What am I?,Road.
I run up and down the stairs without moving. What am I?,Rug.
I save lives on the ground an din the air. What am I?,Seatbelt.
"I saw a fight the other day; A damsel did begin the fray. She with her daily friend did meet, then standing in the open street, she gave such hard and sturdy blows, he bled ten gallons at the nose; yet neither seemed to faint nor fall, nor gave her an abuse at all?",Pump.
"I saw a man in white, he looked quite a sight. He was not old but he stood in the cold. And when he felt the sun, he started to run. Who could he be? Please answer me?",Snowman.
"I saw a strange creature. Long, hard and straight, thrusting into a round, dark opening. Preparing to discharge its load of lives. Puffing and squealing noises accompanied it, then a final screech as it slowed and stopped?",Train.
I saw the dead bring forth the living. I saw the living bring forth the dead. What did I see?,Funeral.
"I say everything I hear to others around. I'm not an animal, nor part of the human race. I will, immediately, repeat after you; But only if my tail is in place. What am I?",Microphone.
"I scream, you scream, we all scream. For what?",Ice cream.
I scribble forms of the finest letter and repel elements of the harshest weather. I am an arrow-aimer and a dust-breaker?,Feather.
"I see what you see, feel what you feel and hear what you hear. I know all of your moves before you make them. I even know the moves you didn't make. What am I?",Brain.
"I shared by goats, devils and unicorns. What am I?",Horn.
I shave every day but my beard stays the same. What am I?,A barber.
"I shift around, though always slowly. I never move more than a few inches at a time. A large movement by me can kill many people. I am huge, yet unseen by humans. What am I?",Tectonic Plate.
I shoot but never kills. What am I?,Camera.
"I shoot people, then blow them up. What am I?",Photographer.
I shrink smaller every time I take a bath. What am I?,Soap.
I sit in a corner and travel around the world. What am I?,Stamp.
I sit in a corner while traveling around the world. What am I?,Stamp.
I sleep by day and fly at night but I have no feathers to aid my flight?,Bat.
"I sleep by day, I fly by night. I have no feathers to aid my flight?",Bat.
"I sleep by day, I fly by night. I have no feathers to aid y flight. What am I?",Bat.
I sleep during the day and fly at night but I have no feathers to aid my flight. What am I?,A bat.
"I sleep when you are awake, I am awake when you fall asleep. I can fly but no feathers to aid my flight. What am I?",Bat.
"I smell like blue paint, pours like green paint and I look like a red truck. What am I?",Red Paint.
"I soar without wings, I see without eyes. I've traveled the universe to and fro. I've conquered the world, yet I've never been anywhere but home. What am I?",Imagination.
I sometimes lack reason but often rhyme. I'm not the best but a good way to pass time. What am I?,Riddle.
I sometimes run but cannot walk. You follow me around. What am I?,Your nose.
"I spend most of my day eating white. When I am quick enough, I get rewarded with fruit and somethings blue. In a dark room with blue walls, I run from the ghost that roam the halls. What am I?",Pac-man.
"I spend the day at the window, go to the table for meals and hide at night. What am I?",Fly.
"I spin and hum, I'm your summer tool. Just flip the switch and I serve to cool. What am I?",Fan.
"I spit like bacon, am made with an egg, I have plenty of backbone but lack good legs, I peel like an onion but still remain whole. I'm long like a flagpole, yet fit in a hole?",Snake.
I stand in one place yet I fill a whole room. I can be filled with molten rock and come in every hue. What am I?,Lamp.
"I stand up tall and made of steel, with baguettes and garlic at my heel. I love the colours red white and blue but obviously not as much as you. I am a marvel for all to see, though to some I am a monstrosity! What am I?",Eiffel Tower.
"I start in little but I end in full, you'll find me in half and complete?",L.
"I start in little but I end in full, you'll find me in half and complete. What am I?",L.
I start new then become old. Start clean but be one dirty. I usually start big then become little. What am I?,Shoes.
"I start with ""T"", ends with ""T"" and within me is ""T"". What am I?",Teapot.
"I start with an E, end with an E and have a letter in me. What am I?",Envelope.
I stink in living but when dead smells good. What am I?,Pig.
I stink up your breath and fights evil vampires. What am I?,Garlic.
I stink when living and smell good when dead?,Bacon.
I store fire-breathing animals. What am I?,Dungeon.
I suck. What am I?,Vaccum.
I take off my clothes when you put on your clothes. I put on my clothes when you take off your clothes. What am I?,Clothes Hanger.
I tell people to be careful when handling boxes. What am I?,Fragile.
"I think you live beneath a roof that is upheld by me; I think you seldom walk abroad but my fair form you see; I close you in on every side, you very dwelling pave and probably I'll go with you At last into the grave. What am I?",Wood.
I transfer oxygen from the atmosphere to your blood. What am I?,Lungs.
I travel in a gaggle. What am I?,Goose.
I travel the world and I am drunk constantly. Who am I?,Water.
I tremble at each breath of air and yet can heaviest burdens bear?,Water.
I tremble at each breath of air and yet can heaviest burdens bear. What am I?,Water.
I turn around once. What is out will not get in. I turn around again. What is in will not get out?,Key.
I turn around once. What is out will not get in. I turn around again. What is in will not get out. What am I?,Key.
I turn everything around but I cannot move. When you see me you see you! What am I?,Mirror.
"I turn once, what is out will not get in. I turn again, what is in will not get out. What am I?",A key.
I twist and turn and leaves a loop. What am I?,Shoe Lace.
I use electricity and I killed my father. I am a king. I have a lot of girlfriends but I also have a wife. Who am I?,Zeus.
I usually wear a yellow coat. I usually have a dark head. I make marks wherever I go?,Pencil.
"I view the world in little space, am always changing place; No food I eat but, by my power, procure what millions do devour?",Sun.
"I walk on 4 legs in the morning, 2 legs at noon and 3 legs at night. What am I?",Human.
"I walked and walked and at last I got it. I didn't want it. So I stopped and looked for it. When I found it, I threw it away?",Thorn.
"I war with the wind, with the waves I wrestle; I must battle with both when the bottom I seek, my strange habitation by surges o'er-roofed. I am strong in strife, while I still remain; as soon as I stir, they are stronger than I. They wrench and they wrest, till I run from my foes; what was put in my keeping they carry away?",Anchor.
"I warn you about meetings and I assist you in your life, I can help you do most of your work, unless I have a bug?",Computer.
I was carried into a dark room and set on fire. I wept and then my head was cut off. What am I?,Candle.
I was not born but I am here. I have no name but I am given many. I was made by science and life. What am I?,Clone.
"I was was, before was was was. What am I?",Is.
"I weaken all men for hours each day. I show you strange visions while you are away. I take you by night, by day take you back. None suffer to have me but do from my lack?",Sleep.
"I wear a green jacket on the outside, white jacket as a second layer and red jacket inside. I am pregnant with a lot of babies. What am I?",Watermelon.
"I wear a red robe, with staff in hand and a stone in my throat?",Cherry.
"I wear a red robe, with staff in hand and a stone in my throat. Cut me and I weep red tears?",Cherry.
"I wear a red robe, with staff in hand and a stone in my throat. Cut me and I weep red tears. What am I?",Cherry.
"I wear a red robe, with staff in hand and a stone in my throat. What am I?",Cherry.
"I weigh nothing but you can see me and if you put me in a bucket, Ill make it lighter?",Hole.
"I went to the woods and got it, when i got it didn’t want it, looked for it, couldn’t find it so I took it home?",Splinter.
I widen my jaws when you poke two fingers in me. I especially like to devour papers. What am I?,Scissors.
"I wiggle and cannot see, sometimes underground and sometimes on a tree. I really don't want to be on a hook and I become a person when combined with book. What am I?",Worm.
I will disappear every time you say my name. What am I?,Silence.
I will go within you and destroy you. Only because you wanted me too. What am I?,Drugs.
I will not be what I am until the man who made me dies. What am I?,Prince.
I won't break if you throw me off from the highest building but I will break if you place me in the ocean. What am I?,Tissue.
I work when I play and play when I work. What am I?,Musician.
"I you were to take two apples from three apples, how many would you have?",Two.
I'll bring out your bulls and slow your roll. I may even come out of your skull. What am I?,Red.
I'll shout til you wake or sing you to sleep. I'll talk to you but you're crazy if you talk back. What am I?,Radio.
"I'm a blended cold beverage made up of milk, ice cream and fruit. I bring all the boys to the yard?",Milkshake.
I'm a container with the inside golden that can't be opened unless I'm broken. What am I?,Egg.
I'm a dessert consisting usually of toasted marshmallow and pieces of chocolate bar sandwich between two graham crackers?,S'mores.
"I'm a dish of ground meat formed into a loaf shape, mixed with egg and breadcrumbs, then baked or smoked?",Meatloaf.
I'm a flat circular spongy roll made from yeast dough and eaten toasted and buttered?,English Muffin.
"I'm a food made of flour, water and yeast or another leavening agent, mixed together and baked. You need me to make a sandwich?",Bread.
I'm a fruit that groes on a tree. Some of my varieties include Red Delicious and Granny Smith?,Apple.
I'm a god. I'm a planet. I measure heat?,Mercury.
I'm a green veggie that looks like a tiny tree?,Broccoli.
I'm a lion with a human head. Guess my Riddle or you'll be dead?,Sphinx.
I'm a long curved fruit that grows in clusters and has soft pulpy flesh and yellow skin when ripe?,Banana.
"I'm a long, green-skinned fruit with watery flesh, usually eaten raw in salads or pickled?",Cucumber.
"I'm a lot like a pancake, except I'm a little crisper and I'm square, with square patterns all over?",Waffles.
I'm a pie but I come with peperoni and cheese?,Pizza.
"I'm a red creature from the sea with large claws, or pincers and I'm often boiled and served as an expensive dish at seafood restaurants like Long John Silver's?",Lobster.
I'm a ring of sliced onion dipped in batter and then deep fried?,Onion Rings.
"I'm a slippery fish in a cloudy sea; Neither hook nor spear will capture me; With your hand you must hunt down this fish, to see that it ends up in the dish?",Soap.
"I'm a small ring shaped friedcake, often with bavarian cream or fruit filling and sometimes covered in icing and sprinkles?",Donut.
"I'm a small sweet cake, typically round, flat and crisp. I come in a variety of flavors from chocolate chip to oatmeal rasin?",Cookie.
"I'm a small, yellow finger-shaped sponge cake with a white synthetic cream filling?",Twinkies.
I'm a soft frozen food made with sweetened and flavored milk fat. I'm usually put in a waffle cone?,Ice Cream.
"I'm a soft, sweet food made from a mixture of flour, shortening, eggs, sugar and other ingredients, baked and often decorated?",Cake.
"I'm a starchy plant tuber that is one of the most important food crops, cooked and eaten fried, such as french fries?",Potato.
I'm a thick slice of beef or other high-quality meat or fish that is often cooked on a grill or fried?,Steak.
I'm a type of pizza that is folded in half before cooking to contain a filling?,Calzone.
"I'm a vegetable that is a long, green stalk. I'm usually eaten at thanksgiving with cheese or peanut butter?",Celery.
I’m always on the dinner table but you don’t get to eat me. What am I?,Plates and silverware.
I'm an old relative who's hand's can't hold anything and eyes can't see anything. What am I?,Grandfather Clock.
"I'm as simple as a circle, worthless as a leader; but when I follow a group, their strength increases tenfold. By myself I'm practically nothing. What am I?",Zero.
I'm at the head of an elephant and at the tail of a squirrel. What am I?,El.
I’m easy to get into but you can’t get out easily. What am I?,Trouble.
"I’m found in socks, scarves and mittens; and often in the paws of playful kittens. What am I?",Yarn.
"I'm full of holes, yet I'm full of water?",Sponge.
"I'm full of holes, yet I'm full of water. What am I?",Sponge.
I’m full of needles but I can’t sew. What am I?,A Pine tree.
I'm grown from darkness but shine with a pale light. Very round I am and always a lady's delight. What am I?,Pearl.
I'm hard as a rock and as light as a feather. I'm passed on to one another. Poor people need me and rich people have me?,Money.
"I'm in a box, full of that which is most rare. But I'm not a flute and I'm not some hair. Though soft be my bed, I'm as hard as a rock. While dull in the dark, I glisten once unlocked?",Jewel.
I'm light as a feather but even the world's strongest man couldn't hold me for much longer than a minute. What am I?,Breath.
"I'm light as a feather, yet the strongest man can't hold me for more than 5 minutes?",Breath.
"I'm light as a feather, yet the strongest man can't hold me for much more than a minute. What am I?",Breath.
"I’m light as a feather, yet the strongest person can’t hold me for five minutes. What am I?",Your breath.
"I’m lighter than a feather, yet the strongest person can’t hold me for five minutes. What am I?",Your breath.
I'm lighter than air but a million men can't lift me. What am I?,Bubble.
I'm lighter than air but million men can't lift me?,Bubble.
"I'm many people's favorite place, even though many don't remember their stay. You'll love to come but hate to leave, if you get cold use my sleeves. What am I?",Bed.
"I'm near a ball and you bat with me, yet I never get a hit. What am I?",Eyelash.
I'm not a bird but I can fly through the sky. I'm not a river but I'm full of water?,Cloud.
I'm not a bird but I can fly through the sky. I'm not a river but I'm full of water. What am I?,Cloud.
"I'm not really more than holes tied to more holes. I'm strong as good steel, though not as stiff as a pole?",Chain.
"I'm not the sort that's eaten, I'm not the sort you bake, Don't put me in an oven, I don't taste that great but when applied correctly, around me you will find, Problems are so simple when my digits come to mind?",Pi.
"I'm often served as a ""rack of .."" I'm often smoked or grilled, with bones in and slathered in BBQ sauce?",Ribs.
I'm on the end of a hook or combined with book. What am I?,Worm.
"I’m orange, I wear a green hat and I sound like a parrot. What am I?",A carrot.
I'm really blue but when you see me I'm red. You don't see me too often. I'm there for you if you're hurt but I'm good for you. What am I?,Blood.
I'm red and small and I have a heart of stone. What am I?,A cherry.
I'm sometimes white and always wrong. I can break a heart and hurt the strong. I can build love or tear it down. I can make a smile or bring a frown?,Lie.
I'm sometimes white but most often I'm black. I take you there but never bring you back?,Hearse.
I'm sometimes white but most often I'm black. I take you there but never bring you back. What am I?,Hearse.
"I'm strangely capricious, I'm sour or I'm sweet, To housewives am useful, To children a treat; Yet I freely confess I more mischief have done, Than anything else That is under the sun?",Apple.
I'm tall when I'm young and I'm short when I'm old. What am I?,Candle.
I’m tall when I’m young and short when I’m old. What am I?,A candle.
"I'm tall, I'm round and hollow, Seems to get chewed a bit but you'll rarely see me unless the other end is lit. What am I?",Pipe.
I’m the father of fruits. What am I?,A papa-ya.
I'm the manly mark that milk makes. What am I?,Mustache.
I'm the part of the bird that's not in the sky. I can swim in the ocean and yet remain dry. What am I?,Shadow.
I’m the part of the bird that’s not in the sky. I can swim in the ocean and yet remain dry. What am I?,Shadow.
I'm the son of water but when I return to water I die. Who am I?,Ice.
I'm the source of all emotion but I'm caged in a white prison?,Heart.
I'm the source of all emotion but I'm caged in a white prison. What am I?,Heart.
I'm the start of eternity and the end of space. There are two of me in heaven and one in hell?,LetterE.
I'm usually served along side burgers. I'm crispy golden potato sticks?,Fries.
I’m very tall when I’m young but get shorter as I get older. What am I?,A candle.
"I'm very tempting, so its said, I have a shiny coat of red and my flesh is white beneath. I smell so sweet, taste good to eat and help to guard your teeth?",Apple.
"I'm very tempting, so its said, I have a shiny coat of red and my flesh is white beneath. I smell so sweet, taste good to eat and help to guard your teeth. What am I?",Apple.
I'm where yesterday follows today and tomorrow's in the middle?,Dictionary.
I'm where yesterday follows today. And tomorrow's in the middle. What am I?,Dictionary.
"I'm white, I'm round but not always around. Sometimes you see me, sometimes you don't?",Moon.
I'm white; perfect for cutting & grinding. For most animals I am a useful tool. What am I?,Teeth.
"I’ve been argued on my colour. Without me you’ll die. So many attempts on your life use me, so make sure you have many of my ""White"" friends?",Red Blood Cell.
"I've got a beautiful, beautiful hall all walled in red velvet, with all white armchairs made of bone and in the middle a woman dances?",Mouth.
"I've got a beautiful, beautiful hall all walled in red velvet, with all white armchairs made of bone and in the middle a woman dances. What am I?",Mouth.
Ideal if you're craving a cool treat or want to bring all the boys to the yard?,Milkshake.
"If 10 birds were sitting on a powerline and you shot one, how many would be left?",None. The others would all fly away.
"If 2 is company and 3 is a crowd, what are 4 and 5?",9.
"If 20 dogs run after one dog, what time is it?",Twenty after one.
"If a boy wears his pants out, what will he do?",Wear them in again.
"If a brother, his sister and their dog weren’t under an umbrella, why didn’t they get wet?",It wasn’t raining.
"If a dog were filling out a resume, he might list his mastery of this game under ""skills.""?",Fetch.
"If a dog were filling out a resume, he might list his mastery of this game under skills?",Fetch.
If a man carried my burden he would break his back. I am not rich but leave silver in my track. What am I?,Snail.
"If a man carried my burden, he would break his back. I am not rich but I leave silver in my track. What am I?",Snail.
"If a man carried my burden, he would break his back. I am not rich but leave silver in my track?",Snail.
"If a man carries my burden, they will get crushed to death. Though not rich, I leave silver in my track. What am I?",Snail.
"If a red house is made of red bricks and a yellow house is made of yellow bricks, what is a greenhouse made of?","Glass, all greenhouses are made of glass."
"If an athlete gets athlete’s foot, what does an astronaut get?",Missile toe.
"If an egg came floating down the green river, where did it come from?",Chicken.
"If an electric train is going east at 60 miles an hour and there is a strong westerly wind, which way does the smoke from the train drift?",There is no smoke coming from electric trains.
"If an electric train is traveling 60 MPH and going against the wind, which way will the train's smoke drift?",There is no smoke from an electric train.
"If an electric train is traveling south, which way is the smoke going?",There’s no smoke as it’s an electric train.
"If athletes get athlete’s foot, what do elves get?",Mistle-toes.
"If four people can repair four bicycles in four hours, how many bicycles can eight people repair in eight hours?",16 bicycles.
"If I drink, I die. If I eat, I am fine. What am I?",Fire.
"If I have it, I don't share it. If I share it, I don't have it. What is it?",Secret.
"If I have it, I don’t share it. If I share it, I don’t have it. What is it?",A secret.
"If I say ""everything I tell you is a lie,"" am I telling you the truth or a lie?",Lie.
"If I turn my head, you may go where you want but if I turn again, you could stay and rot. What am I?",Key.
"If it has a quart capacity, how many pennies can you put into a empty piggy bank?",One.
"If it is two hours later, then it will take half as much time till it's midnight as it would be if it were an hour later. What time is it?",Nine.
"If it is two hours later, then it will take half as much time till it’s midnight as it would be if it were an hour later. What time is it?",Nine.
"If it weren't for these, no one would be aware of Idaho's existence?",Potato.
"If Jack’s father is Joe’s son, who is Jack to Joe?",Joe is his grandfather.
"If life gets tough, what do you have that you can always count on?",Fingers.
If Mr. Red lives in the red house and Mr. Blue lives in the blue house. Who lives in the White House?,The president.
"If rabbits do this to carrots, Jason Mraz does this to ears. What is this?",Nibble.
"If six children and two dogs weren’t under an umbrella, how come none of them got wet?",Because it wasn’t raining.
"If someone calls you this, it might be time to consider hot wax?",Hairy.
"If someone offers you one of these, they had a successful fishing trip or their band just broke up?",Bass.
If the red house is on the right and if the blue house is on the left. Where?S The white house?,WashingtonDC.
"If there are seven oranges and you take three away, how many oranges do you have?","Three, since that's how many you took."
"If there are three apples and you take away two, how many apples do you have?",You have two apples.
"If there are three apples and you take away two, how many do you have?","If you take two apples, then, of course, you have two."
"If there are three cups of sugar and you take one away, how many do you have?",One.
"If two hours ago, it was as long after one o'clock in the afternoon as it was before one o'clock in the morning, what time would it be now?",Nine.
"If two hours ago, it was as long after one o’clock in the afternoon as it was before one o’clock in the morning, what time would it be now?",Nine.
"If two is a company and three is a crowd, what are four and five?",Nine.
"If two is company and three is a crowd, what are four and five?",Nine.
"If two kids share eight pieces of cherry pie and one kid only gets to eat one piece, what does the other get?",A stomach ache.
"If two’s a company and three’s a crowd, what are four and five?",Nine.
"If two's company and three's a crowd, what are four and five?",Nine.
"If two’s company and three’s a crowd, what are four and five?",Nine.
"If twos"" company and three’s a crowd, what are five and six?",Eleven.
If you agree give me one of these?,Amen.
If you are a man then your best friend will eat this for dinner?,DogFood.
"If you are a sore loser, you are often called the sour variety of this fruit?",Grape.
If you are unsure how to use one then just ask a flight attendant?,SeatBelt.
"If you blow past your destination, you'll have to throw your car into this?",Reverse.
"If you break me, I do not stop working. If you touch me, I may be snared. If you lose me, nothing will matter?",Heart.
If you can get this professional's attention you can get where you need to go. .for a price?,Taxi.
"If you can spot one of these eastern warriors, it means they're not doing their job right?",Ninja.
"If you don’t keep me, I’ll break. What am I?",A promise.
"If you drive on this, pedestrians and the police will be pretty upset with you?",Sidewalk.
If you drop a yellow hat in the red sea what does it become?,Wet.
"If you drop a yellow hat in the Red Sea, what does it become?",Wet.
If you drop me I'm sure to crack but give me a smile and i'll always smile back?,Mirror.
If you drop me I'm sure to crack. But give me a smile and I'll always smile back?,Mirror.
If you drop me I'm sure to crack. But give me a smile and I'll always smile back. What am I?,Mirror.
"If you drop me, I’m sure to crack but smile at me and I’ll smile back. What am I?",A mirror.
"If you drop me, Ill crack but if you smile, Ill smile back. What am I?",Mirror.
"If you feed me, I grow but if you give me water, I die. What am I?",Fire.
"If you gave one friend 15 cents and another a dime, what time would it be?",A quarter to two.
"If you give it a tug, you can sit in the dark. Tug it again and a light will spark. What is it?",Lamp.
"If you happen to possess two left feet, this profession will probably rule out of your prospects?",Dancer.
"If you happen to wake up at dawn, you'll probably find this covering the lawn?",Dew.
"If you happen to wear one of these warm garments around, you might get doused in red paint?",Fur Coat.
"If you have it, you want to share it. If you share it, you don't have it?",Secret.
"If you have it, you want to share it. If you share it, you don't have it. What is it?",Secret.
"If you have me, you want to share me. But if you share me, you lose me. What am I?",Secret.
"If you have me, you want to share me. But if you share me, youll lose me. What am I?",Secret.
"If you have me, you want to share me. If you share me, you haven't got me. What am I?",Secret.
"If you have me, you want to share me. Once you share me, you won't have me. What am I?",Secret.
"If you have three oranges and take away two, how many will you have?",Two.
"If you held me for too long, you would die. What am I?",Breath.
If you look you cannot see me. If you see me you cannot see anything else. I can make anything you want happen but later everything goes back to normal?,Imagination.
If you lose me you may cause people around me to lose me too. What am I?,Temper.
"If you multiply me by any other number, the answer will always remain the same. What number am I?",Zero.
"If you need a night out, call one of these over to take the little ones off your hands for a while?",Babysitter.
If you rub this there is a possibility of a magical fat man coming out?,Lamp.
"If you slash it, It heals at once?",Water.
"If you spot one of these eastern warriors, they're not doing their job right?",Ninja.
"If you suffer from this, you might wear a wig?",Baldness.
"If you take off my skin, I will not cry but you will. What am I?",Onion.
"If you threw a yellow stone into a blue sea, what would it become?",Wet.
"If you throw a blue stone into the Red Sea, what will it become?",Wet.
"If you throw a white rock into the red sea, what does it become?",Wet.
"If you wake at dawn, you'll probably find this covering the lawn?",Dew.
"If you walk into a cabin with a match, a kerosene lamp and a fireplace, which do you light first?",Match.
"If you were standing directly on Antarcticas South Pole facing north, which direction would you travel if you took one step backward?",North.
"If you were to throw a white stone into the Red Sea, What would it become?",Wet.
"If you're hunting a werewolf, be sure to have these expensive bullets?",Silver.
If you're looking for something sweet I know what to do. But if you don't like heat I'm not for you. What am I?,Kitchen.
"If you're on a diet, smelling a fresh pan of brownies could be described as this?",Torture.
"If you're on a diet, smelling a fresh pan of brownies could be described at this?",Torture.
"If you’re running in a race and you pass the person in second place, what place are you in?",Second place.
"If you're stealing honey, be prepared to receive vengeance in this form?",Sting.
"If you're to idleness inclined, a lesson take from me; though small in body, yet you'll find I work with constant glee. And lest stern Winter's chilling snow should spread the verdure over; While Summer's sun in full glow, I then secure my store?",Ant.
"If you're worried that grandpa will bite, just remove these?",Dentures.
"If you’ve got me, you want to share me; if you share me, you haven’t kept me. What am I?",A secret.
"If your uncle’s sister is not your aunt, what is her relation to you?",She is your mother.
Im tall in the morning and short in the noon. I disappear at night but I will be back soon?,Shadow.
Imagine you’re in a room that is filling with water. There are no windows or doors. How do you get out?,Stop imagining.
"In a one-story pink house, there was a pink person, a pink cat, a pink fish, a pink computer, a pink chair, a pink table, a pink telephone, a pink shower – everything was pink! ****What color were the stairs?","There weren’t any stairs, it was a one-story house."
In a tree you'll find me moving slow as can be. My name is a sin but from them I am free. What am I?,Sloth.
In a tunnel of darkness lies a beast of iron. It can only attack when pulled back. What is it?,Bullet.
In a tunnel of darkness lies a beast or iron. It can only attack when pulled back?,Bullet.
In a tunnel of darksness lies a beast of iron. It can only attack when pulled back. What is it?,Bullet.
"In addition to the dental benefits, having one of these hanging out of your mouth will make you look like a wiseguy?",Toothpick.
"In all the world, none can compare, I am a tiny weaver, my deadly cloth so silky and fair. What am I?",Spider.
"In all the world, none can compare, to this tiny weaver, his deadly cloth so silky and fair?",Spider.
"In almost every house I'm seen, (No wonder then I'm common) I'm neither man, nor maid, nor child, nor yet a married woman. I'm penniless and poor as Job, Yet such my pride by nature, I always wear a kingly robe, though a dependent creature?",Cat.
"In birth I spring forth, in life I unfold. In death I wilt and die but rebirth restores all?",Leaf.
"In buckles or lace, I help set the pace. The farther you go, the thinner I grow. What am I?",Shoes.
"In buckles or lace, they help set the pace. The farther you go, the thinner they grow?",Shoes.
"In many hall ways you would stand, if not with me in hand. What am I?",Key.
"In many hall ways you would stand, if not with this in hand?",Key.
"In marble halls as white as milk, lined with a skin as soft as silk. Within a fountain crystal-clear. A golden apple doth appear. No doors there are to this stronghold, yet thieves break in and steal the gold?",Egg.
"In my life I must bare, my bloodline I must share. What am I?",Sibling.
"In Paris but not in France, the thinnest of its siblings?",I.
"In Paris but not in France, the thinnest of its siblings. What am I?",I.
"In prison I will be found but I'll never be in court, Unless there's more than one?",S.
"In Spring I look gay, Decked in comely array, In Summer more clothing I wear; when colder it grows, I filing off my clothes and in winter quite naked appear?",Tree.
In the 1800's these turned women into hourglasses?,Corset.
"In the evening I'm long, in the morning I'm small; When seen in a ballroom, I'm nothing at all?",Shadow.
"In the fields a frightful thing. Watch it and you will find, it has a pitchfork in the front and a broom back behind?",Bull.
"In the forest, this blends in just right but every December it is covered with lights. What is it?",Evergreen.
In the garden of Eden this was a fashion statement?,FigLeaf.
In the ground I am nothing but give me time and Ill be something. What am I?,Seed.
"In the marble walls as white as wilk, Lined with skin as soft as silk, Within a fountain crystal clear, A golden apple does appear. No doors are there to this stronghold, Yet thieves break in and steal the gold?",Egg.
"In the middle of night, I surround the gong. In the middle of sight, I end the song?",G.
In the morning I sing on feathered wing. I soar through the air without a care. What am I?,Bird.
In the night a mountain in the morning a meadow?,Bed.
"In the night a mountain, in the morning a meadow?",Bed.
In the sun I like to play; in the rain I goes away; walk or run I always follow; in the mud I always wallow. What am I?,Shadow.
In the sun it likes to play; In the rain it goes away; Walk or run it always follows; In the mud it always wallows?,Shadow.
"In the Tour de France, what is the position of a rider, after he passes the second placed rider?",Second.
"In two years I know, I'll be twice as old as five years ago, said Tom. How old is Tom?",Twelve.
"In we go, out we go. All around and in a row. Always, always steady flow. When we'll stop, you'll never known. In we go, out we go?",Tides.
"In wealth I abound; in water I stand; as a fencer I'm valued all over the land; at Venice I'm famous; by farmers I'm prized; respected by law, yet huntsmen despised; consternation and ruin ensue when I break; And the beasts of the forest advantage won't take?",Bank.
"In wealth I abound; in water I stand; as a fencer I'm valued all over the land; at Venice I'm famous; by farmers I'm prized; respected by law, yet huntsmen despised; consternation and ruin ensue when I break; And the beasts of the forest advantage won't take. What am I?",Bank.
In what time do people do all their talking?,In a lifetime.
"In your fire you hear me scream, creaking and whining, yet I am dead before you lay me in your hearth?",Log.
"In your fire you hear me scream, creaking and whining, yet I am dead before you lay me in your hearth. What am I?",Log.
Indiana Jones likes to crack this?,Whip.
"Ingredients: apples, bananas, grapes, oranges, canteloupe. Instructions: toss?",FruitSalad.
"Inside a burning house, this thing is best to make. And best to make it quickly, before the fire's too much to take?",Haste.
"Inside a burning house, this thing is best to make. And best to make it quickly, before the fire’s too much to take?",Haste.
Inside a great blue castle lives a shy young maid. She blushes in the morning and comes not out at night?,Sun.
Iron on a mammal. Mammal on your feet?,Shoe.
"Iron roof, glass walls, burns and burns and never falls?",Lantern.
Is an older one-hundred dollar bill worth more than a newer one?,Yes. A $100 bill is worth more than a $1 bill (newer one).
"Is said to make the world go around but only if we let it. It puts a value on a thing and makes you do some crazy things, Just so you can get it?",Money.
Island hello. What am I?,Aloha.
It belongs to you but others use it more than you do?,Name.
It belongs to you but your friends and family use it more. What is it?,Your name.
It brings celebrities closer into your home every now and then?,Television.
It brings the sky and the stars a lot closer?,Telescope.
"It can be cracked, It can be made, It can be told, It can be played?",Joke.
It can be done to buttons and shopping carts. What is it?,Push.
It can be found at the back of a book or in an abdomen?,Appendix.
It can be grown in your yard or bought at the store and is given for love when less is more?,Flower.
It can be heard in a court or used to carry briefs?,Case.
"It can be in a hat, Or out of the bag. If you see it you’ll be smitten, ""Cause it’s fluffy like a mitten?",Cat.
It can be repeated but rarely in the same way. It can't be changed but can be rewritten. It can be passed down but should not be forgotten?,History.
It can be used onstage or to express admiration. What is it?,Props.
"It can be white or blue or black, Humped or have a horn. And when it talks it sings its menuets, as it’s travelling the depths?",Whale.
It can cause deflation of tires when dropped from the rear of spy cars?,Spikes.
It can make rain but take away one leg and it'll give you pain?,R.
"It can pierce the best armor and make swords crumble with a rub, yet for all its power It can't harm a wooden club?",Rust.
It can't be seen or felt. It can't be touched or smelt. Behind stars and under hills. All emptiness it fills. What is it?,Space.
"It cannot be seen, it cannot be felt, Cannot be heard, cannot be smelt, Lies behind stars and under hills and empty holes it fills. Comes first follows after, Ends life kills laughter?",Darkness.
"It cannot be seen, it weighs nothing but when put into a barrel, it makes it lighter?",Hole.
"It carries paper of the most important sort but also plastic, I'm glad to report. What is it?",Wallet.
It comes down but never goes up?,Rain.
It comes from crystal and melts to a treat. Add it to your tea to make it sweet. What is it?,Sugar.
"It comes only before, it comes only after. Rises only in darkness but rises only in light. It is always the same but is yet always different?",Moon.
It could be a tangly game but can also become a destructive weather phenomenon?,Twister.
It could make arrows fly and kites soar. What is it?,String.
"It covers you, you lose it every day and you'd die without it?",Skin.
It describes an era in history during which lights was hard to come by?,Dark Ages.
"It does hurt when it breaks and if it stops, you are dead?",Heart.
"It doesn't live within a house, nor does it live without. Most will use it when they come in and again when they go out?",Door.
It flavors your food and divides the year up. What is it?,Season.
It flies when it's on and floats coming off?,Feather.
It flies without wings?,Time.
"It floats over the land, It cuts the tallest mountain, Its voice is like a fountain, Its body like a snake, Will flow into a lake?",River.
"It flows out of the soil, It burns you if it boils and holds us in its coils, More valuable than gold, As black as it is old?",Oil.
It gets passed among men and builds without growing. It serves to injure from a source unknowing. What is it?,Lie.
"It gives everything and then takes it away, It governs destinies and fates, It changes and it never waits, It rules the cards and dice each day, Is part of any game we play?",Chance.
It goes around the world but stays in a corner?,Stamp.
It goes into the water black and comes out red?,Lobster.
"It goes up but at the same time goes down Up toward the sky and down to the ground. It's present tense and past tense too, Come for a ride, just me and you?",Seesaw.
It goes up but never comes down?,Age.
It goes up the hill and down the hill and yet stands still?,Road.
It happens when a professor's brain goes missing?,Absent.
It happens when something has been cut with H2O?,Diluted.
It has 4 lucky leaves. What is it?,Shamrock.
It has 88 keys but none of these will open a door?,Piano.
It has a face and two hands but no arms or legs?,Clock.
It has a face and two hands but no arms or legs. What is this?,Clock.
It has a neck but no head and wears a cap? What is it?,A bottle.
"It has no legs to dance, it has no lungs to breathe, it has no life to live or die and yet it does all three?",Fire.
"It has no top or bottom but it can hold flesh, bones and blood all at the same time?",Ring.
It has plenty of backbone But doesn't have a let. It peels like an orange But it comes from an egg?,Snake.
"It has roots that nobody sees. It is taller than trees. Up, u pit goes. Yet it never grows. What is it?",Mountain.
It has two bands but no money?,River.
It hisses but it’s not a snake. It holds water but it’s not a lake. When it’s done you hear it scream. Pour from it and add some cream?,Teapot.
"It holds most knowledge that has ever been said. But is not the brain, is not the head. To feathers and their masters, it's both bane and boonOne empty and one full?",Paper.
"It holds no blessings in disguise. Its rhymes are aimed at your demise, it’s cast only to ruin, Whatever you are doin’?",Curse.
It increases and decreases Yet no one see it. It is not a fire And yet it can be quenched?,Thirst.
"It is a big and bulky mammal and has a trunk just like a tree. Will store water in its nose, Which is long and like a hose?",Elephant.
"It is a cat but not a kitty, You’ll never catch on in a city. Its fangs are huge and so its claws, A death machine with paws and jaws. In its own way a royal fellow, Striped with black and clothed in yellow?",Tiger.
It is a common and favored clothing material among biker gangs and superheroes?,Leather.
It is a desert oasis where money magically appears or disappears from your pocket?,Las Vegas.
It is a form of mechanism invented so you can discover who is following you?,Rearview.
It is a form of plastic money?,Credit Card.
It is a gruesome form of betray?,Backstab.
It is a monkey food that makes people slip and fall in cartoons?,Bananas.
"It is a part of us and then replaced. It escapes out bodies, to a better place. The world becomes its sizeable home. Its passions unrestraint, the planet it roams?",Water.
It is a path of cow juice spread across the sky but cannot be seen by the naked eye?,Milky Way.
It is a place of play on a sunny day. Winter will come and take all the fun but we'll be back in May. What is it?,Park.
It is a popular afterlife destination where you want to send people when you're mad at them?,Hell.
It is a seasonal yet regular fashion trend which is named after the type of weather its worn in?,Sundress.
It is a sleep-inducing melody?,Lullaby.
"It is a sound of empty, speak and it’ll talk back plenty. But all the more you yack, you’ll get the same words back?",Echo.
It is a standard dimension for both sandwiches and rulers?,Footlong.
It is a storage facility for criminals and fire-breathing reptiles?,Dungeon.
"It is a symphony of noise, It can produce both grief and joys, It is inspiring and grand, Made by a person or a band?",Music.
It is a tasty reward that is given to well behaved dogs and kids?,Treat.
It is able to speak because it has a hard gone. You know what it is as soon as it has sung. What is it?,Bell.
"It is an aquatic creature whose name is rather ""Tight""?",Seal.
It is an arctic double breasted formal wear?,Snowsuit.
It is an insect and the first part of its name is the name of another insect. What is it?,Beetle.
It is basically a cake made of cow?,Meatloaf.
"It is by nature, soft as silk; A puffy cloud, white as milk; Snow tops this tropical crop; The dirtiest part of a mop?",Cotton.
It is carried by both mad bats and dogs. What is this?,Rabies.
"It is destruction made out of thin air, You hear it howl and give a prayer, Through barns and houses it will tear. It is a deadly funnel, Of violent and twisting air?",Hurricane.
"It is edible, a color and is best in summer?",Peach.
It is everything to someone and nothing to everyone else. What is it?,Mind.
It is filthy place that serves as a home to a grouchy green puppet?,Trash Can.
It is good for telling the future or racking up in a game?,Eight Ball.
"It is greater than God and more evil than the devil. The poor have it, the rich need it and if you eat it you'll die?",Nothing.
"It is hot tempered and sometimes it blows its top, thus making a mess of everything?",Volcano.
"It is in every mountain, it's not in any hill, it's not in all the world and yet it's in the mill?",M.
It is known as the best real estate for toys?,Dollhouse.
It is longer than a decade and shorter than a millennium?,Century.
"It is more feared than fear itself and no one can escape it. It takes no sides and does not judge, it does not know to hold a grudge. It is the most clearest result, Of how life beats you by default?",Death.
"It is not your enemy, yet we still beat it. What is it?",Drum.
It is one more than a duet?,Trio.
It is probably the most laid-back member of the animal kingdom?,Sloth.
It is something that is often sold by child entrepreneurs during summer?,Lemonade.
It is something that is owned by old McDonald?,Farm.
It is something you make after you've weighed your options?,Decision.
It is something you will never see again?,Yesterday.
It is sometimes known to have silver linings?,Cloud.
It is the assumed nocturnal symbol of Mr. Wayne. What is it?,Bat.
It is the electronic version of junk mail or a salty meat in a can?,Spam.
It is the great nemesis of the lactose intolerant?,Dairy.
It is the most common hour to have a gunfight in a western scene?,Noon.
It is the offspring of a circle and a rectangle?,Oval.
It is the surname of Cinderella's love?,Charming.
It is the time in your life when you simultaneously know everything and nothing at an instance?,Teenager.
It is the transportation of choice for princesses to attend balls?,Carriage.
It is where everyone wants to run home and stealing is encouraged?,Baseball.
"It is where kings, queens, knights and bishops go to war together?",Chess.
It is yellow and you can serve it but not eat?,Tennisball.
It keeps something that cannot be kept and wakes you when you’ve slept. It may go slow or stop at times but even then it chimes?,Clock.
It keeps things green and keeps the kids occupied in the summertime?,Sprinkler.
It keeps you on the ground and stops things from floating around. What is it?,Gravity.
"It may only be given, Not taken or bought, What the sinner desires but the saint does not?",Forgiveness.
"It may only be given, not taken or bought. What the sinner desires but the saint does not. What is it?",Forgiveness.
"It moves around in circles. We see it as we turn. It keeps us always warm. Always alive and always dying, Across the sky we see it flying but touch it and we burn?",Sun.
It occurs once in every minute. Twice in every moment and yet never in one hundred thousand years?,M.
"It passes but you never hear it. Sometimes though, you think you feel it. You think you had it but it’s gone. You want to stop it but it moves on. You lose it, gain it, maybe fear it but it goes on, forever on?",Time.
It regulates our daily movements but it feels no interest in our lives. It directs us when to come and go but does not care if we pay attention. What is it?,Clock.
It rows quickly with four oars but never comes out from under his own roof. What is it?,Turtle.
It runs all day and night but it still doesn’t get hot or tired. What is it?,A refrigerator.
"It sat upon a willow tree and sang softly unto me. Easing my pain and sorrow with its song. I wished to fly but tarried long. And in my suffering, the willow was like a cool clear spring. What was it that helped me so? To spend my time in my woe?",Bird.
"It speaks to you, yet it can’t speak. When you hold it you can travel, in your mind’s eye worlds unravel. And everything in it’s a lie. And with every new untruth, still you feel it speaks the truth?",Book.
It speaks without a tongue and listens without ears?,Phone.
It stalks the countryside with ears that can’t hear. What is it?,Corn.
it stand on one leg and have my heart in my head?,Cabbage.
It stands on one leg with its heart in its head?,Cabbage.
It stands on one leg with its heart in its head. What is it?,Cabbage.
It stands upright and can be quite grand. Its secret is not hidden but right at hand. What is it?,Piano.
"It starts at the earth’s end and brink, Filled with water you can’t drink. Has a color, just like ink, Walk into it and you’ll sink?",Sea.
"It starts with T, ends with T and is full of T. What is it?",A Teapot.
It takes two people to do this?,Tango.
"It walks on four legs in the morning, two legs at noon and three legs in the evening. What is it?",Man.
"It was a tradition long ago, When the world was dark and full of woe. When men turned darkness into light, By mixing, melting and decanting in the night, To seek for youth and gold and riches, Just to be burned as witches?",Alchemy.
It was fully armed and operational when Lando attacked in Han's spaceship?,DeathStar.
It will not die when hung and will dry when wrung?,Laundry.
"It’s a symbol and a fruit, For man’s folly, evil’s root. But also for great inspiration and famous application?",Apple.
It's always above the negatives Yet it's lower than the first prime no matter how you multiply it's the same every time?,Zero.
It's anything but amusing when this body part gets hit?,FunnyBone.
It's been around For millions of years but it's no more Than a month old?,Moon.
It's been around for millions of years but it's no more than a month old. What is it?,Moon.
It's been around for millions of years but its no more than a month old?,Moon.
It's equally comfortable in an orchestra and a geometry textbook. What is it?,Triangle.
It's held in the hand When going out?,Doorknob.
It's in the church but not in the steeple; It's in the parson but not in the people; It's in the oyster but not in the shell; It's in the clapper but not in the bell?,R.
It's in your hand though you can not feel it. Only you and time can reveal it?,Fate.
"It’s like a forrest without trees, Like a jail you want to visit. Though the inmates did no wrong. You may freely walk along, They’re put there so you can see them, Just as long as you don’t feed them?",Zoo.
It’s raining at midnight but the forecast for tomorrow and the next day is clear. Will there be sunny weather in 48 hours?,"No, it won’t be sunny because it will be dark out. In 48 hours, it will be midnight again."
"It's red, blue, purple and green, no one can reach it, not even the queen?",Rainbow.
"It’s round but also like a chess-board. It can and is both whirled and curled and bent and shot and parried. Some play it on a field or watch it on the couch and anyone can play it, even Peter Crouch?",Football.
"It's shorter than the rest but when you're happy, you raise it up like it's the best. What is it?",Thumb.
"It’s small but larger than a bee and agile as a flea. It humms but does not buzz and it’s not covered with fuzz. It is a small collector, Of juicy flower nectar?",Hummingbird.
It’s the only place in the world where today comes before yesterday. Where is it?,The dictionary.
"It's the only vegetable or fruit that is never sold frozen, canned, processed, cooked, or in any other form but fresh?",Lettuce.
"It’s tough as nails, Or soft as snow. People use it for their rink, Some just put in their drink?",Ice.
"It's true I bring serenity. And hang around the stars. But yet I live in misery, you'll find me behind bars. With thieves and villains I consort. In prison I'll be found. But I would never go to court. Unless there's more than one?",S.
"It’s voice is like a burp, Will swallow with a slurp, You’ll never hear it chirp. Kiss it with a wince, Might turn into a prince?",Frog.
It's where the wind comes sweeping down the plain. Not to mention the waving wheat?,Oklahoma.
Its days are numbered?,Calendar.
"Its fleece is warm and wooly white. And when you lie awake at night, count it and you'll fall asleep. What is it?",Sheep.
"Its tall is round and hollow, Seems to get chewed a bit but you'll rarely see this thing Unless the other end is lit?",Pipe.
"Its thunder comes before lightning, it's lightning before clouds and its rain dries all it touches. What is it?",Volcano.
John Lennon once sang about being this toothy creature. What is it?,Walrus.
John Lennon sang about being this toothy creature?,Walrus.
John's mom had three children. The first child was april. The second child was May. What was the third Child's name?,John.
"Johnny's mom had 5 kids, january, february, march and april. Who was the fifth kid?",Johnny.
"Kate’s mother has three children: Snap, Crackle and ___?","Kate. (It’s Kate’s mother, after all.)"
Keep doing me to avoid lens dryness. What am I?,Blink.
Ketchup's slighly less popular brother?,Mustard.
Kids hunt for them and adults make sure they are not all in one basket?,Eggs.
"Kids love this bouncy, sugary, treat. It's like colorful rubber that you can eat?",Jello.
Kids loves to hunt for them and adults make sure they are not all in one basket?,Eggs.
Kids play it and Michelangelo sculpted with it?,Marble.
Kings and Queens have power; the jack and jester they call. But what is the trump who overtakes them all?,Ace.
Kings and queens may cling to power and the jesters may have their call. I am the most common but I can rule them all. What am I?,Ace.
"Kings and queens may cling to power. And the jester's got his call. But, as you may all discover. The common one outranks them all?",Ace.
"Known as a great deceiver, It is evil’s incarnation, Once used for veneration, The root of all procreation. All you can do is shiver, When it begins to slither?",Snake.
Known for their natural tuxedos and marching?,Penguins.
Known for tuxedo and marching?,Penguin.
"Known to accessorize with feathers, trumpets and harps?",Angel.
"Known to accessorize with feathers, trumpets and harps?",Angels.
"Known to be accessorized with feathers, trumpets and harps?",Angel.
Ladies used to party with this kitchen device?,Tupperware.
"Large as a mountain, small as a pea, endlessly swimming in a waterless sea?",Asteroid.
Late afternoons I often bathe. I'll soak in water piping hot. My essence goes through. My see through clothes. Used up am I - I've gone to pot?,Teabag.
Late afternoons I often bathe. I'll soak in water piping hot. My essence goes through. My see through clothes. Used up am I – I've gone to pot. What am I?,Teabag.
Lather. Rinse. Repeat?,Shampoo.
Laughing Out ____?,Loud.
Laughing Out?,Loud.
​​Liam was 11 the day before yesterday and next year he’ll turn 14. How is this possible?,"Today is January 1st and Liam’s birthday is December 31st. Liam was 11 the day before yesterday (December 30th), then turned 12 the next day. This year on December 31st he’ll turn 13, so next year he’ll turn 14."
Liam was 11 the day before yesterday and next year he’ll turn How is this possible?,"Today is January 1st and Liam’s birthday is December 31st. Liam was 11 the day before yesterday (December 30th), then turned 12 the next day. This year on December 31st he’ll turn 13, so next year he’ll turn 14."
Lifeless eyes on my smiling face and watch your child's sleeping place. In their dreams they hold me tight. Who am I?,Teddy Bear.
"Light as a feather, there is nothing in it, yet the strongest man can't hold it for much more than a minute?",Breath.
Light me up in backyard gatherings. What am I?,Charcoal.
"Lighter than feather and softer than silk, yet the strongest man in the world cannot hold me for more than a few minutes. What am I?",Breath.
"Lighter than what I am made of, More of me is hidden Than is seen?",Iceberg.
"Lighter than what I am made of, more of me is hidden than is seen. I am the bane of the mariner. A tooth within the sea?",Iceberg.
Lighter than what I am made of. More of me hidden than seen?,Iceberg.
Lighter than what I am made of. More of me is hidden than seen. What am I?,Iceberg.
Lighter than what I'm made of. Stronger than ships. More of me is hidden than is seen. What am I?,Iceberg.
"Little Nancy Etticote, in a white petticoat. With a red nose; the longer she stands, the shorter she grows?",Candle.
"Little Nancy Etticote, in a white petticoat. With a red nose; the longer she stands, the shorter she grows. What am I?",Candle.
Little piggies you look down at every day?,Toe.
"Lives in winter, dies in summer and grows with its root upwards?",Icicle.
"Lives without a body, hears without ears, speaks without a mouth, to which the air alone gives birth?",Echo.
"Lives without a body, hears without ears, speaks without a mouth, to which the air alone gives birth. What is it?",Echo.
Locked up inside you and yet they can steal it from you?,Heart.
"Long ago, dragons are believed to do this to their gold?",Hoard.
"Long and slinky like a trout, never sings till it's guts come out?",Gun.
"Long and thin, red within, with a nail at the end. What am I?",Finger.
"Long and think, red within, with a nail at the end?",Finger.
"Long Legs, crooked thighs, little head and no eyes?",Tongs.
Long slim and slender. Dark as homemade thunder. Keen eyes and peaked nose. Scares the Devil wherever it goes?,Snake.
Longer than a decade and shorter than a milennium?,Century.
Longer than a decade and shorter than a millennium?,Century.
"Look at me. I can bring a smile to your face, a tear to your eye, or a thought to your mind. But I can't be seen?",Memories.
"Look at me. I can bring a smile to your face, a tear to your eye, or even a thought to your mind. But, I can't be seen. What am I?",Memories.
"Look at me. I can bring a smile to your face, a tear to your eye, or even a thought to your mind. But, I can’t be seen. What am I?",Memories.
Look into my face and I'm everybody. Scratch my back and I'm nobody?,Mirror.
Looks like a hippo crossed with a unicorn?,Rhino.
"Looks like water but it's heat. Sits on sand, lays on concrete. A play on the eyes but it's all lies?",Mirage.
Lots of them make up a word and lots of words are in them. It’s easy when you think about it. A while ago we stamped and mailed them?,Letters.
"Lovely and round, I shine with pale light, grown in the darkness, a lady's delight?",Pearl.
"Lovely and round, I shine with pale light, grown in the darkness, a lady's delight. What am I?",Pearl.
"Lovely and round, I shine with pale light. Grown in the darkness, a lady's delight. What am I?",Pearls.
Low on cash? Pick out items from this rack?,Clearance.
Lunch money thief and distributor of wedgies?,Bully.
Mad bats and dogs carry this?,Rabies.
"Made of ten but two we make, When assembled others quake, Five apart and we are weak, Five together havoc wreak?",Fist.
"Make three fourths of a cross, then a circle complete; Let two semicircles a perpendicular meet; then add a triangle that stands on two feet, with two semicircles and a circle complete?",Tobacco.
Makes apples fall from trees?,Gravity.
Makes arrows fly and kites soar?,String.
Makes dough grow?,Yeast.
Makes wooden boys noses grow?,Fib.
Makeup for finger tips. What am I?,Nail Polish.
Makeup for your digits?,NailPolish.
Man greatly desires me. I am easily beaten but never free. What am I?,Gold.
"Man of old, it is told would search until he tired, not for gold, ne'er be sold but what sought he was fire. Man today, thou mayst say, has quite another aim, in places deep, he did seek, to find me for his gain?",Oil.
"Man walks over and man swims under. It times of war, it can be burned asunder? What is it?",Bridge.
"Man walks over, man walks under, in times of war he burns asunder?",Bridge.
"Man walks over, man walks under, in times of war he burns asunder. What is it?",Bridge.
"Man walks over, man walks under. In times of war he burns asunder. What is it?",Bridge.
Many foods can make me strong but give me water and I won't last long?,Fire.
Many hear me but no one sees me and I only speak when spoken to?,Echo.
Many people confuse me with a vegetable but I'm actually a fruit. I'm red when I'm ripe and I'm sliced and served on burgers?,Tomato.
Many people even throughout history love this alcoholic drink made from fermented grape juice?,Wine.
Many people own a copy of me. Without me the world would fall. What am I?,Atlas.
"Many things can create one, it can be of any shape or size, it is created for various reasons and it can shrink or grow with time?",Hole.
Maritime marauders?,Pirate.
"Marking mortal privation, when firmly in place. An enduring summation, inscribed in my face. What am I?",Tombstone.
Mary has four daughters and each of her daughters has a brother — how many children does Mary have?,"Five, each daughter has the same brother."
Mary has four daughters and each of her daughters has a brother. How many children does Mary have?,Five—each daughter has the same brother.
Mary's child slept in one of these?,Manger.
"Mary's father has 4 children, three are named Nana, Nene and Nini. So what is the 4th child's name?",Mary.
"Mary’s father has 4 children; three are named Nana, Nene and Nini. So what is the 4th child’s name?",Mary.
"Mary's mom has four children. Their names are north, south, east. What's the fourth child's name?",Mary.
Material for making balls and men that only shows up at certain times of the year?,Snow.
"Meat that has been cured by being cut into long, think strips and dried?",Jerky.
Men cut this by attaching a razor to a broom handle or just have their wives do it?,BackHair.
Men in skirts blow into these?,BagPipes.
"Men seize it form its home, tear apart its flesh, drink the sweet blood, then cast its skin aside?",Orange.
"Men seize me from my home, tear apart my flesh, drink the sweet blood, then cast my skin aside. What am I?",Orange.
Men walk over me but boats go under me. What am I?,Bridge.
"Metal or bone I may be, many teeth I have and always bared. Yet my bite harms no one. And ladies delight in my touch?",Comb.
Micro parasites expert at sucking the blood of mammals and birds?,Flea.
Millions of these are crushed every morning to help people wake up?,CoffeeBean.
"Mirabel has a very big family, she has 25 uncles, 25 aunts and 40 cousins. Each of her cousin’s has an uncle who is not Mirabel’s uncle. How is this possible?",He’s her dad.
Mobsters judge the quality of a vehicle by the size of this?,Trunk.
Mom and dad have four daughters and each daughter has one brother. How many people are in the family?,Seven.
"More precious than gold but cannot be bought, can never be sold only earned if it's sought, If it is broken it can still can be mended, At birth it can't start nor by death is it ended?",Friendship.
More rare today than long ago. There's a salutation from friends written below. What am I?,Letter.
Most people love to use me. You make me glide through the air. Even your dog loves me. What am I?,Frisbee.
"Most people think of me as money. But when they find me in the water, they won’t get any money out of me. What am I?",A river bank.
Mountains will crumble and temples will fall and no man can survive its endless call. What is it?,Time.
Mountains will crumble and temples will fall. And no man can survive its endless call?,Time.
"Mouth up it gets filled, mouth down it gets empty?",Bottle.
"Mouthless but I will tell you a name that is not mine, I will show you the years I have seen but I have no eyes, memory I have but I have no mind?",Gravestone.
"Mr. Blue lives in the blue house, mr. Pink lives in the pink house and mr. Brown lives in the brown house. Who lives in the white house?",President.
"Mr. Blue lives in the blue house, Mr. Yellow lives in the yellow house and Mr. Black lives in the black house. Who lives in the white house?",The President.
"Mrs. Black has two children. If the oldest child is a girl, what are the odds that the other child is also a girl?",50 percent.
Mrs. Brown has 5 daughters. Each of these daughters has a brother. How many children does Mrs. Brown have?,They have 6 children. Each daughter has the same brother. There are 5 daughters and 1 son.
Ms. Smith has four daughters. Each daughter has a brother. How many kids are there in total?,"Five, there are four daughters and one son. Each daughter has the same brother."
My back and belly is wood and my ribs is lined with leather. I've a hole in my nose and one in my breast and I'm mostly used in cold weather?,Bellows.
"My body is quite thin and has nothing within, neither have I head, face, or eye; yet a tail I have got full as long as- what not? And up, without wings, I can fly?",Kite.
My body is timber and I am a boy among men. I have a nose without end and an insect for a friend. Who am I?,Pinocchio.
My children are near and far. No matter that I know where they are. The gift I give them make their day. But if I were gone they would wander away?,Sun.
My days are numbered. What am I?,Calendar.
"My first a blessing sent to earth, of plants and flowers to aid the birth; my second surely was designed to hurl destruction on mankind; my whole a pledge from pardoning heaven, of wrath appeased and crimes forgiven?",Rainbow.
"My first brace Nelson yielded, midst the jar of angry battle and the din of war; my second, when from labor we retreat, far form polite, yet offers us a seat; my whole is but my second more complete?",Armchair.
My first half means container. Not a lot of people understand my language. What am I?,Binary.
"My first is a heir; My second's a snare; My whole is the offspring of fancy; Which I sent, out of play, Upon Valentine's day, As a token of love, to my Nancy?",Sonnet.
"My first is a heir; My second's a snare; my whole is the offspring of fancy; which I sent, out of play, upon Valentine's day, As a token of love, to my Nancy. What am I?",Sonnet.
My first is a slice affords so nice; my second discomposes; my whole's a bed where honor's head devotedly reposes?,Hammock.
"My first is a term to relate a circumstance present or past; and those who are much prone to prate, my second will spout away fast. My whole, in the days of our youth, is what we extremely despised; and though it say nothing but truth, yet it never need hope to be prized?",Telltale.
"My first is a title of honor; My second is myself; My first is your and I; My whole is a beautiful fixed star, seen in the winter?",Sirius.
My first is an insect; m second is a border; my whole puts the face in a tuneful disorder?,Anthem.
My first is equality; my second is inferiority; my whole is superiority?,Peerless.
"My first is high, my second damp, my whole a tie, a writer's cramp?",Hyphen.
"My first is high, my second damp, my whole a tie, a writer's cramp. What am I?",Hyphen.
"My first is in blood and also in battle. My second is in acorn, oak and apple. My third and fourth are both the same. In the center of sorrow and twice in refrain. My fifth starts eternity ending here. My last is the first of last, Oh Dear?",Barrel.
My first is in fish but no in snail. My second is in rabbit but no in tail. My third is in up but not in down. My fourth is in tiara but not in crown. My fifth is in tree you plainly see. My whole a food for you and me?,Fruit.
My first is in fish but no in snail. My second is in rabbit but not in tail. My third is in up but not in down. My fourth is in tiara but not in crown. My fifth is in tree you plainly see. My whole a food for you and me. What am I?,Fruit.
My first is in ocean but never in sea. My second's in wasp but never in bee. My third is in glider and also in flight. My whole is a creature that comes out at night?,Owl.
My first is in riddle but not in little. My second is in think but not in brink. My third is in thyme but not in time. My fourth is in mother but not in brother. My last is in time but no t in climb?,Rhyme.
My first is in riddle but not in little. My second is in think but not in brink. My third is in thyme but not in time. My fourth is in mother but not in brother. My last is in time but no t in climb. What am I?,Rhyme.
"My first is in some but not in all. My second is in tiny but not in tall. My third in little but no in big. My fourth in port but not in pig. My whole is made in nature's way. For clothing, rugs used every day. What am I?",Silk.
"My first is in some but not in all. My second is into but not in tall. My third in little but no in big. My fourth in port but not in pig. My whole is made in nature's way. For clothing, rugs used every day?",Silk.
My first is in spell but not book. My second is in fright and also shook. My third is in cauldron but never in pot. My fourth is in net and also in knot. My fifth is in bat but never in vampire. My sixth is in coal but not found in fire. My seventh is in moon but not in night?,Phantom.
"My first is in wield, sever bones and marrow. My second is in blade, forged in cold steel. My third is an arbalest and also in arrows. My fourth is in power, plunged through a shield. My fifth is in honor and also in vows. My last will put an end to it all?",Weapon.
My first is in window but not in pane. My second's in road but not in lane. My third is in oval but not in round. My fourth is in hearing but not in sound. My whole is known as a sign of peace. And from noah's ark won quick release?,Dove.
My first is in window but not in pane. My second's in road but not in lane. My third is in oval but not in round. My fourth is in hearing but not in sound. My whole is known as a sign of peace. And from noah's ark won quick release. What am I?,Dove.
My first is nothing but a name; my second is more small; my whole is of so little fame it has no name at all?,Nameless.
"My first is ocean but not in sea, My second in milk but not in me. My third is in three but not in throw, My fourth in vow but not in crow. My fifth is in eight but not in night, My last is in wrong and also right. My whole is praise for thoughts or men; Or women, too, or tongue or pen?",Clever.
My first is second in line; I send shivers up your spine; not quite shining bright I glitter in the light?,Ice.
My first is second in line; I send shivers up your spine; not quite shining bright I glitter in the light. What am I?,Ice.
"My first is snapping, snarling, growling, My second's industrious, romping and prowling. Higgledy piggledy Here we lie, picked and plucked and put in a pie?",Currants.
My first is to be seen Every day in the firmament; My second conquers Kings and queens; And my whole is what I would offer To a friend in distress?,Solace.
My first is twice in apple but not once in tart. My second is in liver but not in heart. My third is in giant and also in ghost. Whole I’m best when I am roast?,Pig.
My first is twice in apple but not once in tart. My second is in liver but not in heart. My third is in giant and also in ghost. Whole I'm best when I am toast?,Pig.
"My first keeps time, My second spends time, My whole tells time?",Watchman.
"My first master has four legs, my second master has two. My first I serve in life, my second I serve in death. Tough I am, yet soft beside. Against ladies cheeks I often reside?",Fur.
My first part compliments people. My second part makes things known. My third part hurts feelings. My fourth part ma hold a previous treasure. My fifth part is used when sharing fancy beverages. What am I?,Hand.
My first two letters say my name. My last letter asks a question. What I embrace I destroy. What am I?,Ivy.
"My first, if you do, you'll increase; my second will keep you from heaven; my whole, such a human caprice, is more frequently given than taken?",Advice.
"My first, though water, cures no thirst, My next alone has soul and when he lives upon my first, He then is called my whole?",Seaman.
"My first, though water, cures no thirst, my next alone has soul and when he lives upon my first, he then is called my whole. What am I?",Seaman.
My flavors ranges from strawberry to toe. What am I?,Jam.
"My head and tail both equal are, my middle slender as a bee. Whether I stand on head or heel Is quite the same to you or me. But if my head should be cut off, the matter's true, though passing strange directly I to nothing change?",Eight.
"My head and tail both equal are, my middle slender as a bee. Whether I stand on head or heel Is quite the same to you or me. But if my head should be cut off, the matter's true, though passing strange directly I to nothing change. What am I?",Eight.
My head bobs lazily in the sun. You think I'm cute For my face is yellow my hair is white and my body is green?,Daisy.
My head bobs lazily in the sun. You think I'm cute for my face is yellow my hair is white and my body is green. What am I?,Daisy.
My keepers feed me colored balls. With sticks they store on my den walls. Sometimes I store them in my pouch. Sometimes deep in my belly; ouch! What am I?,Billiard Table.
"My life can be measured in hours, I serve by being devoured. Thin, I am quite fat. I am slow, wind is my foe?",Candle.
"My life can be measured in hours. I serve by being devoured. Thin, I am quick. Fat, I am slow. Wind is my foe?",Candle.
My life is a volume of joy and grief but I need your help to turn a new leaf. What am I?,Book.
"My life is measured in hours. I serve by being devoured. Thin, I am quick; Fat, I am slow. Wind is my foe. What am I?",Candle.
"My life is often a volume of grief, your help is needed to turn a new leaf. Stiff is my spine and my body is pale. But I'm always ready to tell a tale?",Book.
"My life only lasts hours as I quickly become devoured. Fast or slow, wind is my foe. What am I?",Candle.
My love for Eliza shall never know my first; neither shall it be my second; but it shall be my whole?,Endless.
"My love, when I gaze on thy beautiful face. Careering along, yet always in place, the thought has often come into my mind. If I ever shall see thy glorious behind?",Moon.
"My maker doesnt want me, my buyer doesnt use me and my user will never see me?",Coffin.
My mother is water and my brother the sky. I am grey when wet but white when dry. What am I?,Cloud.
My neighbor makes mistakes. I get rid of them. Who am I?,Eraser.
My parents are singers and while my father has red hair I am pale and completely bald?,Egg.
My rings are not worth much but they do tell my age. What am I?,Tree.
My second is performed by my first and it is thought a thief by the marks of my whole might be caught?,Footstep.
"My sides are firmly laced about, Yet nothing is within; you'll think my head is strange indeed, being nothing else but skin?",Drum.
"My strength is powerful and great, 'Tis tru, altho' it seemeth strange, I carry many thousand weight, with which I many miles do range. Whene'er I reach my journey's end with all my speed I hasten home; and tho' I often man befriend, I sometimes also seal his doom?",Tide.
"My tail is long, my coat is brown, I like the country, I like the town. I can live in a house or live in a shed and I come out to play when you are in bed?",Mouse.
"My tail is long, my coat is brown, I like the country, I like the town. I can live in a house or live in a shed and I come out to play when you are in bed. What am I?",Mouse.
"My teeth are sharp, my back is straight, to cut things up it is my fate?",Saw.
"My teeth are sharp, my back is straight, to cut things up it is my fate. What am I?",Saw.
My teeth help me suck. What am I?,Vampire.
My thunder comes before the lightning; My lightning comes before the clouds; My rain dries all the land it touches?,Volcano.
My thunder comes before the lightning. My lightning comes before the clouds. My rain dries all the land it touches?,Volcano.
"My tines be long, my tines be short. My tines end ere, my first report. What am I?",Lightning.
My tongue hangs out as I run over fields and streets all day. I get tied up every morning and untied at night?,Shoe.
My treasures are golden and guarded by thousands amongst a maze no man can enter. What am I?,Beehive.
My uses are changing but I still remain the same. My interior is quiet and stories are my game. What am I?,Library.
"My voice is tender, my waist is slender and I'm often invited to play. Yet wherever I go I must take my bow or else I have nothing to say?",Violin.
"My voice is tender, my waist is slender and I'm often invited to play. Yet wherever I go I must take my bow or else I have nothing to say. What am I?",Violin.
"My voice is tender, my waist is slender and I'm often invited to play. Yet wherever I go, I must take my bow or else I have nothing to say?",Violin.
"My voice is tender, my waist is slender and I'm often invited to play. Yet wherever I go, I must take my bow or else I have nothing to say. What am I?",Violin.
My voice rises above the din sometimes catching all unaware. I never ask questions yet get many answers?,Doorbell.
Name a lock no one can pick?,A lock of hair from a bald head.
Nature's way of applauding a lightning strike?,Thunder.
Neither bought nor sold but more valuable than gold. It is built but not by hand. What is it?,Trust.
"Never ahead, ever behind, yet flying swiftly past. For a child, I last forever, for adults, I'm gone too fast. What am I?",Youth.
Never alive but practically extinct. How we miss the letters pressing the ribbon of ink. What is it?,Typewriter.
"Never resting, never still. Moving silently from hill to hill. It does not walk, run or trot. All is cool where it is not?",Sunshine.
"Never swallowed but certainly chewed, tossed in the mouth but it is not food. What is it?",Gum.
"Never was, am always to be. No one ever saw me, nor ever will. And yet I am the confidence of all, to live and breath on this terrestrial ball. What am I?",Future.
nightly they come without being fetched? What are they?,Stars.
"No matter how little or how much you use me, you change me every month?",Calendar.
"No matter how little or how much you use me, you change me every month. What am I?",Calendar.
No sooner spoken than broken?,Silence.
Nobody empties me but I never stay full for long. What am I?,The moon.
Not a comb or a brush but makes the hair feel plush. What is it?,Shampoo.
"Not born but form a Mother's body drawn, I hang until half of me is gone. I sleep in a cave until I grow old, then valued for my hardened gold?",Cheese.
Not born but from a Mother's body drawn. I hang until half of me is gone. I sleep in a cave until I grow old. Then valued for my hardened gold?,Cheese.
Not many people have stepped on me. I never stay full for long. I have a dark side. What am I?,The moon.
Not my sister nor my bother but still the child of my mother?,Myself.
Not my sister nor my brother but still the child of my mother and father. Who am I?,Myself.
Not only humans have two that shrink in the light and expand in the dark?,Pupil.
Not the skinniest of felines?,FatCat.
"Of no use to one, Bliss to two. Men lie for it. The baby’s right,?",Kiss.
Of the king I am blue and of the peasant I am red. Of the frog I am cold and of the dog I am hot instead. What am I?,Blood.
"Of these everyone has ten, part of two wholes at the arms end. What are they?",Fingers.
"Of these things - I have two. One for me - and one for you. And when you ask about the price, I simply smile and nod twice?",Sharing.
"Of these things – I have two. One for me – and one for you. And when you ask about the price, I simply smile and nod twice. What am I?",Sharing.
Of what trade is the president of the United States?,A cabinet-maker.
Often buried with fabulous wealth I'm often called wrapped up in myself. What am I?,A mummy. (Ideal if kids are learning about Egyptian history.)
"Often cooked as fillet, this meat comes form an animal that swims underwater?",Fish.
Often found in doctor's offices and on pirate flags?,Skull.
Often found in doctor's offices and pirate flags?,Skeleton.
Often held but never touched. Always wet but never rusts. Often bits but seldom bit. To use it well you must have wit?,Tongue.
"Often held, never touched. Always wet, never rust. Often bites, seldom bit. Use me well you must have wit. What am I?",Tongue.
Often sold by child entrepreneurs in the summer?,Lemonade.
"Often wandering the streets, this group of people cannot afford to be choosers?",Beggars.
"Oh lord! I am not worthy! I bend my limbs to the ground. I cry, yet without a sound. Let me drink of waters deep. And in silence I will weep. What am I?",Willow.
"Old Grandpa Diddle Daddle jumped in the mud puddle, green cap and yellow shoes. Guess all your loftiness and you can't guess these news?",Frog.
Old Mcdonald had this?,Farm.
Old people and owls are said to be this?,Wise.
Olympians use this to get high?,Pole.
On what day of the year do people talk least?,On the shortest day of the year.
On what kind of ship do students study?,Scholarship.
On which side does a chicken have the most feathers?,The outside.
On which side of a church does a tree grow?,On the outside.
"One am I, among six others: Largest, smallest, cold, dark and two brothers?",Europe.
One by one we fall from heaven down into the depths of past and our world is ever upturned so that yet some time we’ll last?,Sand.
One might hang a locket from this?,Necklace.
One more than a duet?,Trio.
One of the best things you can hope for after whacking a ball with a stick?,Home run.
One of the best things you can hope for after whacking a ball with a stick?,Homerun.
One of the few activities that involves bowling pins flying through the air?,Juggling.
One of the few times it's encouraged to lock lips with a stranger?,CPR.
One of the few vegetables that is routinely consumed with marshmallows?,Yam.
One pace to the North. Two paces to the East. Two paces to the South. Two paces to the West. One pace to the North?,Square.
"One time every year, there is a very special day. Little have the same, everyone party a different way?",Birthday.
One who has offended the government and has been detained by it?,Prisoner.
"Only one color but not one size. Stuck at the bottom, yet easily flies. Present in sun but not in rain. Doing no harm and feeling no pain?",Shadow.
Only one foot tall but I govern you. What am I?,Ruler.
Only two backbones and thousands of ribs?,Railroad.
Only you can prevent forest fires?,Smokey.
"Other terms for this handy device include doohicky, doo-dad and whatchyamacallit?",Gadget.
"Other terms for this handy device include hoohicky, doo-dad and watchyamacallit. Some people are so addicted to this?",Gadget.
"Out of all the celestial bodies, this one has the funniest name?",Uranus.
Owned by Old McDonald?,Farm.
Pan's nemesis?,Hook.
Parallel lines have so much in common?,It's a shame they'll never meet.
"Part carbon, part water, I am poison to the fishes. Many falsely claim my name, I am the pause that refreshes. What am I?",Soda.
"Passed from father to son and shared between brothers, its importance is unquestioned though it is used more by others?",Surname.
"Paul's height is six feet, he is an assistant at a butcher's shop and wears size 9 shoes. What does he weight?",Meat.
"Paul's height is six feet, he's an assistant at a butcher's shop and wears size 9 shoes. What does he weight?",Meat.
Peaches and a certain Couture have this in common?,Juicy.
People are hired to get rid of me. I'm often hiding under your bed. In time I'll always return you see. Bite me and you're surely dead?,Dust.
People chop this off for a good cause?,Hair.
People in love are often bound to this?,Married.
People in love will often become this?,Married.
"People like this usually live in rural areas, unless they are lucky enough to strike oil and move to Beverly hills?",Hillbilly.
"People like this usually live in rural areas, unless they strike oil and move to Beverly Hills?",HillBilly.
"People make me, save me, change me, raise me. What am I?",Money.
People need me but they always give me away?,Money.
People need me yet they give me away every day. What am I?,Money.
"People walk in and out of me. They push and I follow. When they walk out on me, I close up and I stay waiting for the next person to walk into my life when I have a more open mind. What am I?",Elevator.
"People want it and when they have it, They use it, By giving it?",Money.
Perhaps the most important adjective for ballerinas and princesses?,Graceful.
Petting a feline often evokes this response?,Purr.
"Physicists have built devices to move me very fast. My last seven letters can be commonly found in newspapers, magazines and journals. What am I?",Particles.
Pirates put their booty in it?,Chest.
Place your fingers in my eyes and I will open my jaws to devour paper and cloth. What am I?,Scissors.
Plant whose name sounds like a dish full of dairy spread?,Buttercup.
Plastic money?,CreditCard.
"Plow and hoe, reap and sow, What soon does every farmer grow?",Weary.
"Pointing North, South, East and West it saves the lost and helps the rest. What is it?",Compass.
"Poke your fingers in my eyes and I will open wide my jaws. Linen cloth, quills, or paper, my greedy lust devours them all?",Scissors.
"Poke your fingers in my eyes and I will open wide my jaws. Linen, cloth, quills or paper, my greedy lust devours them all. What am I?",Scissors.
Poor people have it. Rich people need it. If you eat it you die. What is it?,Nothing.
Poorly behaved children often find themselves sitting in these?,Corner.
Poorly behaved children often find themselves sitting in these?,Corners.
"Popular brands of this delicious treat are Yoplait, GoGur and iCrave?",Yogurt.
Possibly the only famous plumber who has the courage to ever to rescue a princess?,Mario.
Possibly the only plumber ever to rescue a princess?,Mario.
Possibly the word most commonly said before taking a sip?,Cheers.
Power enough to smash ships and crush roofs. Yet it still must fear the sun?,Ice.
"Pregnant every time you see her, yet she never will give birth?",Moon.
"Prior to smart phones, people used this to record their lives?",Camcorder.
Probably the most famous dinner-party in history?,LastSupper.
Probably the most laid-back member of the animal kingdom?,Sloth.
Proof you've done your time in school?,Diploma.
"Put into a pit, locked beneath a grate, guarded through the night, yet it still goes out?",Fire.
Rabbits do this to carrots and Jason Mraz does this to ears?,Nibble.
Racers are asked to start these at NASCAR events?,Engine.
Raise your right appendage high above your head. Turn your head to the right and you will smell this?,Armpit.
Rappers and Mr. T wear these in abundance?,GoldChain.
"Reaching stiffly for the sky, I bare my fingers when its cold. In warmth I wear an emerald glove and in between I dress in gold?",Tree.
Real estate for toys?,Dollhouse.
Rebecca Black and The Cure are in love with this 24 hour time period?,Friday.
Remove my skin and I won't cry but you might! What am I?,An onion.
Remove six letters from this sequence to reveal a familiar English word - BSAINXLEATNTEARS?,Bananas.
Remove the outside. Cook the inside. Eat the outside. Throw away the inside?,Corn.
Reserved for royalty and damaged teeth?,Crown.
Responsible for the toupee industry?,BaldSpot.
Retired people want these to be large and birds want them to hatch?,NestEggs.
"Ripped from my ancestors home, beaten and burned, I become a bloodthirsty killer. What am I?",Iron-ore.
"Ripped from my mother's womb. Beaten and burned, I become a blood thirsty killer?",Iron.
"Ripped from my mother's womb. Beaten and burned, I become a blood thirsty killer. What am I?",Iron Ore.
"Robin’s mother has three children: Maria, Rose and ___?",Robin.
Rolling on floor?,Laughing.
Rotten trees and Jack-O-Lanterns have this characteristic in common?,Hollow.
"Round as a button, deep as a well. If you want me to talk, you must first pull my tail?",Bell.
"Round as a button, deep as a well. If you want me to talk, you must first pull my tail. What am I?",Bell.
"Round as a dishpan, deep as a tub and still the oceans couldn't fill it up?",Sieve.
"Round like a cup but deep like a well. To make it sing, you must pull its tail. What is it?",Bell.
"Round like an apple, deep like a cup, yet all the king's horses cannot pull it up. What is it?",Well.
Royalty whose bugers are broiled and whose bed is large?,King.
Rub me and a genie might appear. What am I?,Lamp.
Rueben and Monte Cristo are two delicious varieties of this?,Sandwich.
"Runs over fields and woods all day. Under the bed at night sits not alone, With long tongue hanging out, Resting at your feet until we go for a walk?",Shoe.
"Runs smoother than any rhyme, loves to fall but cannot climb?",Water.
"Runs smoother than any rhyme, loves to fall but cannot climb?",Rain.
Salivating at the mention of a cheeseburger is this kind of response?,Pavlovian.
"Sally is 54 years old and her mother is 80, how many years ago was Sally's mother three times her age?",Forty-One.
Salty water everywhere but not sea in sight?,Tears.
"Sam's parents have three kids. Their names are Huey, Dewey and _____?",Sam.
Sand+Net+Bikini =?,Volleyball.
"Santa has one neighborhood left to visit on his way to the North Pole. In that neighborhood, there's a blue house made of gingerbread, a red house made of peppermint and a white house made of vanilla. If Santa flies to the blue house first, then to the red house and then to the white house, where does he go next?",He goes back to the North pole (his home.)
Santa shakes his belly like me. What am I?,Jelly.
Santa's abdomen shakes like a bowl full of this?,Jelly.
Santa's favorite entrance for home invasion?,Chimney.
Santa's reindeer make this noise?,Jingle.
Sauerkraut owes its existence to this head?,Cabbage.
Say my name and I disappear. What am I?,Silence.
Say Racecar backwards?,Racecar backwards.
"Say, what is that which in its form unites All that is graceful, elegant and true; By all admired, by all acknowledged great and (as I trust) sincerely loved by you; Which ever on the virtuous attends and of their peace will surest safeguard prove; The best support of noble, upright minds, The best foundation of connubial love?",Truth.
Scholastic transportation?,SchoolBus.
"Schwarzenegger has a big one, Michael J. Fox's is small, Madonna doesn't have one, the pope doesn't use his and Cliton uses his all the time?",Last Name.
Score in end zones. What am I?,Touchdown.
Scottish knee-length formal wear for men?,Kilt.
"Screaming, soaring seeking sky. Flowers of fire flying high. Eastern art from ancient time. Name me now and solve this rhyme?",Firework.
"Scythe of darkness, Shadow’s light. Guiding eye of thirteenth sight?",Moon.
"Searing 'cross the pitch-black skies, I scream in celebration, Yet moments later, my outburst through, I am naught but imagination?",Firework.
"Searing 'cross the pitch-black skies, I scream in celebration. Yet moments later, my outburst through, I am naught but imagination. What am I?",Firework.
"Secured in place, I work undercover and with a flick of your finger. My purpose you'll discover. What am I?",Light bulb.
Securing your documents is easy with these trusty metal objects?,Staples.
Send poorly behaved children to me and let them sit here. What am I?,Corner.
Sends paper without using the post office?,Fax.
Serves as a go between in business?,MiddleMan.
"Seven brothers, Five work all day, The other two, Just play or pray?",Week.
"Shared between two; Most often to woo; Sometimes hot and sometimes cold; The beginning of us all, young and old?",Kiss.
"Shaun’s mother had three kids. Snap, Crackle and…?",Shaun.
She is covered in dust and always jealous?,Tinkerbell.
She is covered in dust and is always jealous?,Tinker Bell.
She is fred and Wilma's child who is named after a stone?,Pebbles.
Silently I drink and dive in fluids dark as night. I beat the mighty warrior but never in fight. The black blood in my veins your thirst for knowledge slakes. My spittle is more venomous than that of poison snakes?,Pen.
Sing me to a baby about to go to sleep. What am I?,Lullaby.
"Sitting down you have it, Standing up you don't?",Lap.
"Six legs, two heads, Two hands, one long nose. Yet he uses only four legs Wherever he goes?",Horseman.
"Six legs, two heads, two hands, one long nose. Yet I use only four legs Wherever I go. What am I?",Horseman.
"Six letters do my name compound; Among the aged oft I'm found; The shepherd also, by the brook, Hears me when Leaning on his crook; But in the middle me divide and take the half on either side, Each backward read, a liquor tell, Ev'ry gay toper knows it well?",Murmur.
"Six letters do my name compound; among the aged oft I'm found; The shepherd also, by the brook, hears me when Leaning on his crook; but in the middle me divide and take the half on either side, each backward read, a liquor tell, ev'ry gay toper knows it well. What am I?",Murmur.
Skirts for men. What am I?,Kilt.
"Slain to be saved, with much ado and pain, scatter'd, dispersed and gather'd up again; wither'd though young, sweet though not perfumed and carefully laid up to be consumed?",Hay.
Slang for the male half in a marriage?,Hubby.
Sleep-inducing melody?,Lullaby.
"Sleeping during the day, I hide away. Watchful through the night, I open at dawn's light. But only for the briefest time, do I shine. And then I hide away. And sleep through the day?",Sunrise.
Slithery critters with a taste for dirt?,Earthworm.
"Slowly creeping, I am weeping, changing shades and growing?",Spring.
Small edible creature from the sea that is often served at restaurants like Red Lobster?,Shrimp.
Small land in water. What am I?,Island.
Small was my stature but my success was great. Until I entered Belgium to be handed my fate. Who am I?,Napoleon.
"Small, containing light, You’ll need it in the dark, It will provide that spark and shine into the night. Will light up any pyre, ’Cause it can help make a fire?",Lighter.
"Snake coiled round and round, snake deep below the ground, snake that's never had a head, snake that binds but not with dread?",Rope.
Snake coiled round and round. Snake deep below the ground. Snake that's never had a head. Snake that binds but not with dread?,Rope.
Snow White was friendly with seven of them?,Dwarf.
Snowwhite was friendly with seven of them?,Dwarf.
"So beautiful and cold, So young and yet so old, Alive but always dead, Still hungry when has fed, Will die if it is bled, Or you cut off its head?",Vampire.
"So cold, damp and dark I am. To stay you would refrain, yet those who occupy me do never complain. What am I?",Grave.
"So cold, damp and dark this place. To stay you would refrain, yet those who occupy this place do never complain?",Grave.
So delicious they required an international house to contain them?,Pancakes.
"Soft and cuddly, I'll pull on your heart. But take my last name and I'll tear you apart. What am I?",Teddy Bear.
"Soft and fragile is my skin, I get my growth in mud. I’m dangerous as much as pretty, for if not careful, I draw blood?",Thorn.
"Soft and fragile is my skin. I get my growth in dirt. I'm dangerous as much as pretty. For if not careful, I draw blood?",Thorn.
"Soft, hairy, from door to door. I am the pet that always stays on the floor. What am I?",Carpet.
"Soldiers line up spaced with pride. Two long rows lined side by side. One sole unit can decide, if the rows will unit or divide?",Zipper.
"Soldiers line up spaced with pride. Two long rows lined side by side. One sole unit can decide, if the rows will unite or divide?",Teeth.
Some adults still use these to count?,Finger.
Some are clean and some are dirty but all are meant to get a chuckle?,Joke.
Some are clean and some are dirty but all are meant to get a chuckle?,Jokes.
"Some are clean and some are dirty but all are meant to get a chuckle. Most like it, some takes offense from it?",Joke.
Some keep it in a dumpster while others keep it in their trunk?,Junk.
"Some live in me, some live on. And some shave me to stride upon. I rarely leave my native land. Until my death I always stand. High and low I may be found. Both above and below ground?",Tree.
Some people are conscious enough to count these while some just consume them?,Calories.
"Some people avoid me, some people count me, some people just consume me. What am I?",Calories.
Some people count these. Some just consume them?,Calories.
"Some try to hide, some try to cheat but time will show we always will meet?",Death.
"Some try to hide, some try to cheat but time will show, we always will meet, try as you might, to guess my name, I promise you’ll know, when you I do claim?",Death.
"Some try to hide, some try to cheat but time will show, we always will meet. Try as you might, to guess my name, I promise you'll know when you I do claim?",Death.
"Some try to hide, some try to cheat but time will show, we always will meet. Try as you might, to guess my name, I promise you'll know, when you I do claim?",Death.
"Some try to hide, some try to cheat. But time will show, we always will meet. Try as you might, to guess my name. I promise you'll know, when you I do claim?",Death.
"Some try to hide, some try to cheat. But time will show, we always will meet. Try as you might, to guess my name. I promise you'll know, when you I do claim. What am I?",Death.
"Some women don’t like to be called that, Yet every woman wants one. It cries and makes a lot of noise but smiles and gurgles when you give it toys?",Baby.
Someone who is enthusiastic about tending the garden is said to have this appendage?,GreenThumb.
"Something everybody tends to overlook, no matter how careful they are?",Nose.
Something that is handy when you need to measure something or run a kingdom?,Ruler.
Something very helpful if you want to go gently down a stream?,Rowboat.
"Something wholly unreal, yet seems real to I. Think my friend, tell me where does it lie?",Mind.
Something you carry while singing?,Tune.
Something you do with guests at a fancy party hoping to get a leg-up in your career?,Schmooze.
"Sometimes black, sometimes white, I have veins but no blood?",Marble.
Sometimes called chips and served with fish?,FrenchFry.
"Sometimes dark and sometimes bright, I make my way among twinkling lights. Seas and oceans obey my call, yet mountains I cannot move at all. My face is marred and gray but I'm majestic anyway. What am I?",Moon.
"Sometimes I am liked, sometimes I am hated. Usually I am old, usually I am dated. What am I?",History.
"Sometimes I am loud. And viewed with distaste. Poke out my 'eye', then I'm on the front of your face?",Noise.
"Sometimes I am loud. And viewed with distaste. Poke out my ""eye"", then I'm on the front of your face?",Noise.
Sometimes I fly as fast as the speed of light. Sometime I crawl as slow as a snail. Unknown until I am measured but you will certainly miss me when I'm gone. What am I?,Time.
Sometimes I’m short and fat and sometimes I’m long and thin with a nail at the end and red within. What am I?,A finger.
"Sometimes it glitters but often not; May be cold, or may be hot! Ever changing though the eye can't measure, concealed within are many treasures. Some find safety beneath its gate, while some may die beneath its weight! Old and broken, it brings forth life?",Rock.
Sometimes it's silver but also gold. Printed on paper it's a treasure to hold. What is it?,Currency.
Sometimes known to have silver linings?,Cloud.
Sometimes you feel it weigh a ton. Yet it is nothing but somehow still there. Makes you uncomfortable around anyone but speak its name and it’s gone?,Silence.
"Sometimes you'll find me hard and cold, other times I'm hard to hold, always present in the air, if I'm ever gone, beware?",Water.
Sophie's mother had 2 sons and 1 daughter. The sons names were George and John. What was the daughter's name?,Sophie.
Sore losers are often called the sour variety of this fruit?,Grape.
Sounds like he works on public transportation but he really works in a restaurant?,BusBoy.
Sources in Hollywood state that the men of this ancient city wore leather speedos and waxed their chests?,Sparta.
"Speaking of rivers, a man calls his dog from the opposite side of the river. The dog crosses the river without getting wet and without using a bridge or boat. How?",The river was frozen.
Special abilities and brightly colored underwear are all you need to be one of these?,Superhero.
"Spell ""enemy"" in three letters?",F O E.
Spies and detectives do this to phones and musical shoes make this sound?,Tap.
Sport Olympians use this to get high jump up in the air?,Pole.
Spys do this phones and musical shoes make this sound?,Tap.
Squeeze it and it cries tears As red as its flesh but its heart is made of stone?,Cherry.
Squeeze me and I cry tears as red as my flesh but my heart is made of stone. What am I?,Cherry.
Standard issue tool for Fairy Godmothers and wizards?,Magicwand.
"Stealthy as a shadow in the dead of night, cunning but affectionate if given a bite. Never owned but often loved. At my sport considered cruel but that's because you never know me at all?",Cat.
Step on me and you'll reach the top first but step under me and you're cursed. What am I?,Ladder.
"Stolen from a cow, I'm placed in a vat. My flavor gets stronger the longer I've sat. What am I?",Cheese.
"Strip the skin under my skin and my flesh you'll reveal. It tastes sweet and tart, now throw out the peel. What is it?",Orange.
Sugar on a stick. The kids love licking them?,Lollipop.
Surname of the pilot of the Millennium Falcon?,Solo.
Take away my first letter and I stiil sound the same. Take away my last letter. I still sound the same. Even take away my letter in the middle. I will still sound the same. I am a five letter word. What am I?,Empty.
"Take away my first letter, I remain unchanged; take away my second letter, I’m still the same; take away all my letters and I still continue unchanged. What am I?",A mailman.
"Take away my first letter, take away my second letter, take away all my letters and I would remain the same. What am I?",Postman.
Take away the whole and some still remains. What is it?,Wholesome.
Take off my skin - I won't cry but you will! What am I?,Onion.
Take off my skin – I won't cry but you will! What am I?,Onion.
"Take off my skin and I won't cry but you will, what am I?",Onion.
"Take off my skin and I won’t cry but you will, What am I?",Onion.
"Take off my skin, I won't cry but you will?",Onion.
"Take off my skin, I won't cry but you will. What am I?",Onion.
"Take one out and scratch my head, I am now black but once was red?",Match.
Take one royal word in the plural And make it singular By adding one letter?,Princes.
taken from a mine and shut in a wooden case and yet used by almost everybody. what am I?,Lead.
Taken from a mine and then locked up in a wooden case. Never released but used by students everyday. What am I?,Lead.
Taking this from a baby is said to be quite easy?,Candy.
"Talks like this, a green wise man does. Guess my clue, you will?",Yoda.
"Tall in the morning, short at noon, gone at night?",Shadow.
"Tall in the morning, short at noon, gone at night. But I'll be back soon?",Shadow.
Tall when Im young but short when Im old?,Candle.
"Tara has $30.00 dollars. She bought 5 coloring books that cost $3.00 each, 4 boxes of Crayola crayons that cost $2.00 each. She spends the rest of her money on markers. How much money did she spend on markers?",She spent $7 on markers.
Tax rates and oil prices occasionally take these nature strolls?,Hike.
Tax-rates occasionally take these nature strolls?,Hike.
"Tear me off and scratch my head, what once red is now black. What am I?",Match.
Tear one off and scratch my head. What once was red is black instead. What am I?,Match.
Tear one off and scratch my head. What once was red is now black instead?,Match.
Teddy bears are never hungry because they are always what?,Stuffed.
Teenage girls are pros at causing this?,Drama.
Teenage girls are pros at creating me. Learn me in classes. What am I?,Drama.
Temporary evidence of where you've been strolling?,Footprint.
Temporary shiny food covering?,Aluminum.
"Ten men's strength, ten men's length. Ten men can't break it, yet a young boy walks off with it?",Rope.
Term for male grooming?,Manscape.
"Thanks for such treasures as Mariachis, enchiladas and habanero?",Mexico.
The 8 of us go forth and back to protect our king from a foes attack. What am I?,Pawns.
The alphabet goes from a to z. What goes from z to a?,Zebra.
The answer to this riddle is unknown?,Unknown.
The artistic vandal's best friend?,SprayPaint.
The assumed nocturnal symbol of Mr. Wayne?,Bat.
The athletically challenged spend a good deal of time on this seat made of pine?,Bench.
The ball drops when the clock hits this?,Midnight.
"The beginning of eternity, the end of time and space, the beginning of every end, the end of every place?",E.
The Black Pearl was this type of criminal seafaring vessel?,PirateShip.
The blue house is made with blue bricks and the red house with red bricks. What did they use to build the green house with?,"Glass, because greenhouses are always made of glass."
The celebrities of high school were part of this crowd?,Popular.
"The cloud is my mother, my father the wind. The lake is my son and the rainbow my bed. What am I?",Rain.
"The cost of making only the maker knows, valueless if bought but sometimes traded. A poor man may give one as easily as king. When one is broken pain and deceit are assured?",Promise.
The coziest place for Dracula?,Coffin.
The cozy place Dracula rests?,Coffin.
The day before two days after the day before tomorrow is Saturday. What day is it today?,Friday.
The day before yesterday I was 21 and next year I will be 24. When is my birthday?,December 31; today is January 1.
The distance from the top of your head to the floor  standing up straight?,Height.
The edge of earth and bread?,Crust.
The eight of us go forth not back to protect our king from a foe's attack. What are we?,Pawns.
The eight of us move forth and back. To protect our king from the foes attack?,Pawns.
The electronic version of junk mail or salty meat in a can?,Spam.
The enemy of the lactose intolerant?,Dairy.
The English alphabet goes from A to Z but my name goes from Z to A. What am I?,A Zebra.
The epic tale of two women battling over a sparkly pair of shoes?,WizardOfOz.
The famous royal young lady who had several short men following her?,Snow White.
The fans of the pied piper's smooth sound who are feared by elephants?,Mice.
"The faster you run, the harder it is to catch me. What am I?",Breath.
The father of Mickey Mouse?,WaltDisney.
The favorite beverage of friendly polar bears as shown in the ads?,Coke.
"The floor's on top, the roof's beneath and from this place I rarely leave. Yet with the passing of each day. A new horizon greets my gaze?",Sailor.
The French word for 'fun size' in women's clothing?,Petite.
The go-to weapon for science fiction heroes?,Laser.
The group of animals which hang out in the mist?,Gorillas.
"The higher I climb the hotter I engage, I cannot escape my crystal cage?",Mercury.
"The higher I climb, the hotter I engage. I cannot escape from my crystal cage?",Mercury.
The homes of tiny creatures that collect in corners if you aren't vigilant about dusting?,Web.
The itsy bitsy teeny weeny yellow polka dot variety is quite popular?,Bikini.
The King of Pop's stellar dance move?,Moonwalk.
The L in Lol?,Laugh.
The land was white the seed was black It'll take a good scholar to riddle me that?,Book.
"The leaves are on the fruit, the fruit is on the leaves. What is it?",Pineapple.
"The letter S is added to pluralise most words in the English language. eg. Letter to Letters, Word to Words and Language to Languages. But I am a word that is pluralised with the addition of the letter C. What am I?",Dice.
The line a runner strives to reach?,Finish.
The line in your hair?,Part.
The little pink nub that helps rectify mistakes?,Eraser.
The Load-bearer. The warrior. The Frightened One. The Brave. The Fleet-of-foot. The Iron-shod. The Faithful One. The Slave?,Horse.
The lunch destination of choice for teenagers and hospital employees?,Cafeteria.
The main difference between us and zombies?,Life.
The man who invented it doesn't want it. The man who bought it doesn't need it. The man who needs it doesn't know it?,Coffin.
The man who invented it doesn't want it. The man who bought it doesn't need it. The man who needs it doesn't know it. What is it?,Coffin.
The man who made it didn't need it. The man who bought it didn't use it. The man who used it didn't want it?,Coffin.
The moon is my father. The sea is my mother. I have a million brothers. I die when I reach land?,Wave.
The more holes you cover the lower I go. What am I?,Recorder.
The more holes you cover the lower it goes?,Recorder.
The more I dry the wetter I get. What am I?,Towel.
"The more I lie, the more people trust me! Who am I?",Politician.
"The more it dries, the wetter it becomes. What is it?",Towel.
"The more it dries, the wetter it gets. What is it?",Towel.
"The more of it there is, the less you see?",Darkness.
"The more of me there is, the less you see?",Darkness.
"The more of me there is, the less you see. What am I?",Darkness.
"The more of me there is, the less you see. What am I?",The dark.
"The more of me you take, the more you leave behind. What am I?",Footsteps.
"The more of them you take, the more you leave behind. What are they?",Footsteps.
"The more of these you take, the more you leave behind. What are they?",Footsteps.
"The more of this there is, the less you see. What is it?",Darkness.
The more of this you have the less you see. What is it?,Darkness.
The more you have me the less you see. Shine a light on me and I flea. What am I?,Darkness.
"The more you have of it, the less you see. What is it?",Darkness.
"The more you have of me, the less you see. Who am I?",Darkness.
"The more you have, the less you see?",Darkness.
"The more you look at it, The less you see?",Sun.
"The more you look at me, The less you see. What am I?",Sun.
"The more you take away from me, the bigger I shall get. What am I?",Hole.
"The more you take away, the larger it becomes? What is it?",Hole.
"The more you take away, the larger it becomes?",Hole.
"The more you take aways, the larger it becomes? What is it?",Hole.
"The more you take of me, the more you leave behind. What am I?",Footstep.
The more you take the more you leave behind?,Steps.
"The more you take, the more you leave behind?",Footstep.
"The more you take, the more you leave behind?",Footsteps.
"The more you take, the more you leave behind?",Steps.
"The more you take, the more you leave behind. They vary in size. What are they?",Footprints.
"The more you take, the more you leave behind. What am I?",Footstep.
"The more you take, the more you leave behind. What are they?",Footprints.
"The more you work, the more I'll eat.You keep me full, I'll keep you neat. What am I?",Pencil Sharpener.
The most common hour to have a gunfight in a western?,Noon.
The most fabulous way to locate pots of gold?,Rainbow.
the most famous dinner. What am I?,Last Supper.
The most foreign visitors you could imagine?,Alien.
The most popular itsy bitsy teeny weeny yellow polka dot variety?,Bikini.
"The ninja turtles call this place home, as do mythical alligators?",Sewer.
The offspring of a circle and a rectangle?,Oval.
The offspring of a feline and a Xerox machine?,CopyCat.
The offspring of circle and a rectangle?,Oval.
The older they are the less wrinkles they have?,Tires.
The older this thing grows the more valued it becomes. It is always much better when its breathing is done?,Wine.
The one fashion accessory both farmers and hipsters love?,Suspenders.
The one fashion accessory farmers and hipsters can agree upon?,Suspenders.
"The one who makes it, sells it. The one who buys it, never uses it. The one that uses it never knows that he’s using it?",Coffin.
The ones in the sea are prickly but the ones on the street might pickpocket you?,Urchin.
"The ones who see it may go blind, Contracting the fool’s madness. You have to dig to find it, Crush big stones or mine it. Wash dirt clumps in a pan and wait for it to settle, A shiny, precious metal?",Gold.
The only amusing part of the body. What am I?,Funny Bone.
The only pet who lived in a town where an inordinate number of children fell down wells?,Lassie.
The only type of currency that flirted with a British spy?,Moneypenny.
The only way you can use it is by breaking it. What is it?,An egg.
The original 49ers and opportunistic women share this nickname?,GoldDigger.
The person who makes it has no need for it. The person who purchases it does not use it. The person who does use it does not know he or she is. What is it?,Coffin.
The person who makes it has no need of it; the person who buys it has no use for it. The person who uses it can neither see nor feel it. What is it?,A coffin.
The plant that is responsible for spreading a lot of gossip?,Grapevine.
The point of a Dear John Letter?,BreakUp.
The possession of two left feet will probably rule out your prospects as this kind of professional?,Dancer.
The preferred color of carpet in this town is red?,Hollywood.
The profession of both Jimi Hendrix and Eric Clapton?,Guitarist.
The profession of Jimi Hendrix and Eric Clapton?,Guitarist.
"The sharp slim blade, that cuts the wind?",Grass.
"The shorter I am, the bigger I am. What am I?",Temper.
The side of cat with the most hair?,Outside.
The signature stroll of ducks and penguins?,Waddle.
The state of holding a person in your person?,Pregnant.
The state of holding a person within a person or an animal within an animal?,Pregnant.
The strangest creature you'll ever find has two eyes in front and a hundred behind?,Peacock.
"The strongest chains will not bind it. Ditch and rampart will not slow it down. A thousand soldiers cannot beat it, it can knock down trees with a single bush?",Wind.
"The sun bakes them, the hand breaks them, the foot treads on them and the mouth tastes them?",Grapes.
The surname of Cinderella's boyfriend?,Charming.
The surname of the only famous British spy?,Bond.
The thinkers usually hold this body part?,Chin.
"The thunder comes before the lightning and the lightning comes before the cloud, the rain dries all the land it touches, wrapping the earth in a blood red shroud?",Volcano.
"The thunder comes before the lightning and the lightning comes before the cloud, The rain dries all the land it touches, wrapping the earth in a blood red shroud. What am I?",Volcano.
The thunder comes before the lightning; the lightning comes before the clouds. The rain dries everything it touches?,Volcano.
The time between daylight and darkness when blood drinkers like to come out. What am I?,Twilight.
The time in your life when you simultaneously know everything and nothing?,Teenager.
The Titanic is still chilling here?,Atlantic.
The Titanic is still here. What am I?,Atlantic.
"The warmer I am, The fresher I am?",Bread.
"The warmer I am, the fresher I am. What am I?",Bread.
"The wave, over the wave, a weird thing I saw, Through-wrought and wonderfully ornate: A wonder on the wave-water became bone?",Ice.
The way a kicker scores 3 points?,FieldGoal.
The weapon of choice to create the biggest shock?,Stungun.
There are 3 apples in the basket and you take away How many apples do you have now?,You have 2 apples. You took away 2 apples and left 1 in the basket.
There are four of these but everyone's favorite seems to be spades?,Ace.
There are four of these but everyone's favourite seems to be spades?,Ace.
There are four of these but everyone’s favourite seems to be spades?,Ace.
There are four of us but it seems like everyone loves spades the most. What am I?,Aces.
There are millions of me. I am very small but when moving fast I am deadly?,Sand.
"There are two ducks in front of a duck, two ducks behind a duck and a duck in the middle. How many ducks are there?",Three.
"There are two meanings to me. With one I may need to be broken, with the other I hold on. My favorite characteristic is my charming dimple?",Tie.
There is a body without a heart. That has a tongue and yet no head. Buried it was before it was made and loud it speaks and yet is dead?,Bell.
"There is a rooster sitting on top of a barn. If it laid an egg, which way would it roll?",Roosters don’t lay eggs.
There is a television show dedicated to busting these tales of yore?,Myth.
"There is a word in the English language, the two first letters signify a male, the three first a female, the four first a great man and the whole a great woman?",Heroine.
There is an old invention still used today that allows one to look through walls. What is it?,Window.
"There is not wind enough to twirl That one red leaf, nearest of its clan, Which dances as often as dance it can?",Sun.
There is one in every corner and two in every room?,O.
There is one in every corner and two in every room. What am I?,O.
There is one word spelled wrong in every English dictionary. What is it?,Wrong.
"There is one word that stands the test of time and holds fast to the center of everything. Though everyone will try at least once in their life to move around this word but in fact, unknowingly, they use it every moment of the day. Young or old, awake or in sleep, human or animal, this word stands fast. It belongs to everyone, to all living things but no one can master it. The word is?",Gravity.
"There is someone and there is always another, for without the other, there wouldn't be one?",Twins.
"There she goes over the road, a young mare that is whinnying. A fiery spot on her forehead, with her hindquarters ablaze?",Thunder.
"There was a blue one-story house in a nice neighborhood. Everything in it was blue—the walls, the carpets, the furniture, even the dog! What color were the stairs?",There are no stairs because it's a one-story house.
"There was a circle house. There was a chef, a nanny, a butler, two children and a maid. The boy child was found dead. The nanny said she was playing with the girl, the chef said he was cooking dinner and the maid said she was dusting the corners. So who killed the boy?",The maid because she was lying about dusting corners. A circle house has no corners.
There was a green house. Inside the green house there was a white house. Inside the white house there was a red house. Inside the red house there were lots of babies. What is it?,Watermelon.
"There was a little heart inside a little white house, which was inside a little yellow house, which was inside a little brown house, which was inside a little green house?",Walnut.
"There were two ducks in front of a duck, two ducks behind a duck and one duck in the middle. How many ducks were there in total?",Three.
"There’s a one-story house in which everything is yellow. Yellow walls, yellow doors, yellow furniture. What color are the stairs?",There aren’t any—it’s a one-story house.
"There's a one-story house. Everything in the red house is red, the walls are red, the bathroom is red, the floor is red, the kitchen is red, all of the bedrooms are red. So, what color are the stairs?","There's no stairs, it's a one-story house."
"There's not a kingdom on the earth but I have traveled over and over and though I know not whence my birth, yet when I come, you know my roar. I through the town do take my flight and through the fields and meadows green and whether it be day or night, I neither am nor can be seen?",Wind.
"There's one of me for everything, through only four are we. O'er and o'er we repeat, cycling endlessly. But Then, I am an act you'll do, when standing at the range. One word and yet, I've meanings two. I hope it's not too strange?",Season.
There’s only one word in the dictionary that’s spelled wrong. What is it?,"The word ""wrong."" It’s the only word that’s spelled W-R-O-N-G."
There’s only one word in the dictionary that’s spelled wrong. What is it?,"The word, wrong."
These animals hang out in the mist?,Gorilla.
These are believed to be found at the end of rainbows?,Pots.
"These are crisp, green and are found near deli sandwiches?",Pickle.
These are great fun until you realize you don't have all the pieces?,Puzzle.
"These are great, floaty fun until they explode and give you a little scare?",Balloon.
These are knee-length formal wear for men popular in the highlands?,Kilt.
These are needed to finish a test?,Answers.
These are small chicken drumsticks fried and sometimes coated in buffalo hot sauce?,Wings.
These are the bumpy parts of your digits?,Knuckle.
These begin your sentences and are home to your leader?,Capital.
These begin your sentences and are home to your leaders?,Capital.
"These delicious pork meat strips is enjoyed at breakfast time along side sausage, eggs and toast?",Bacon.
These help engines spin and trousers stay up?,Belt.
These make grown men dance in end zones?,Touchdown.
These minerals are vital to your health?,Vitamin.
These nutrients are vital to your health?,Vitamin.
These people cannot be choosers?,Beggars.
These small herring-like fish are often smoked and eaten out of a small tin can?,Sardines.
These suck?,Vacuum.
These sucks?,Vacuum.
These women make princesses scrub floors and sometimes try to poison them with apples?,StepMother.
"They are dark and always on the run. But without the sun, there would be none. they are?",Shadows.
They are dark-colored creature serenaded by Lennon and McCartney?,Blackbird.
They are known for their natural tuxedos and marching?,Penguins.
"They are many and one, they wave and they drum, Used to cover a state, they go with you everywhere?",Hands.
They are producers of pies and burgers and are great for tipping?,Cows.
They are the group who manages the winged engines of war?,Air Force.
They are the most foreign visitors you could ever imagine?,Alien.
They are the shore's gallant knights?,Coast Guard.
They are toothy nocturnal immortals?,Vampire.
"They are two brothers. However much they run, They do not reach each other?",Wheels.
They belong to me; they belong to you; they can make you feel happy or make you feel blue; they never end until the day you do?,Thoughts.
They bring oxygen into blood?,Lungs.
They can be harbored but few hold water. You can nurse them but only by holding them against someone else. You can carry them but not with your arms. You can bury them but not in the earth?,Grudge.
They can be long or short; they can be grown or bought; they can be painted or left bare; they can be round or square?,Nails.
They can float and tickle but their sound is rarely heard unless you're a pillow or bird. What are they?,Feathers.
They come in a tin can and are known to cure halitosis?,Altoids.
"They come in many varieties: Red, Black, Dead and Caspian to name a few?",Sea.
They come out at night without being called and are lost in the day without being stolen?,Stars.
They come out at night without being called and are lost in the day without being stolen. What are they?,Stars.
They come out at night without being called and are lost in the day without being stolen. What are they?,The stars.
"They come to witness the night Without being called, A sailor's guide and a poet's tears. They are lost to the sight each day Without the hand of a thief?",Stars.
They cut doors in half and wear wooden shoes?,Dutch.
They do look like a hippo crossed with a unicorn. What are they?,Rhino.
They don't forget?,Elephant.
They eat homes from the inside out?,Termite.
"They have not flesh, nor feathers, nor scales, nor bone. Yet they have fingers and thumbs of their own?",Gloves.
"They have not flesh, nor feathers, nor scales, nor bone. Yet they have fingers and thumbs of their own. What are they?",Gloves.
"They keep secrets locked away. And you pass through them each day. For each one there is a key, They respond to sesame?",Doors.
They made me a mouth but didn't give me breath. Water gives me life but the sun brings me death?,Snowman.
"They make a living harassing wealthy, beautiful people?",Paparazzi.
"They make no sense at all, In them you either fly or fall. They make you do it all. Their need is biologic but they are most illogic. They are not real but still can be achieved, If they are just believed?",Dreams.
They produce pies and burgers and are great for tipping?,Cows.
They put the heat in Pop tarts?,Toaster.
They say each one is totally unique?,Snowflake.
They strangle flowers?,Weeds.
They took me from my mother's side where I was bravely bred and when to age I did become they did cut off my head. They gave to me some diet drink that often made me mad but it made peace between two kings and made two lovers glad?,Quill.
They took me from my mother's side where I was bravely bred and when to age I did become they did cut off my head. They gave to me some diet drink that often made me mad but it made peace between two kings and made two lovers glad. What am I?,Quill.
They transfer oxygen from the atmosphere into blood?,Lungs.
"They try to beat me, they try in vain. And when I win, I end the pain?",Death.
They're actually great swimmers now but later they will become excellent hoppers?,Tadpole.
"They’re big and yet so far away, We see them at the end of day. They’re small and they’re above. We see them when we close our eyes, Each time we are in love?",Stars.
They're swimmers now but later will make excellent hoppers?,Tadpole.
"They're up near the sky, on something very tall. Sometimes they die, only then do they fall?",Leaves.
Things here are usually tagged with red stickers. What am I?,Clearance.
Thinkers hold this body part?,Chin.
"Thirty men and ladies two, gathered for a festive do; Dressed quite formal, black and white: soon movement turned to nasty fight?",Chess.
"Thirty white horses on a red hill, first champ, then stamp and then stand still?",Teeth.
"Thirty white horses on a red hill, First they champ, Then they stamp, Then they stand still?",Teeth.
This baked dish consists of an open-topped pastry case with a savory or sweet filling?,Flan.
"This baked Italian dish consisting of this and layered with meat or vegetables, cheese and tomato sauce is one of our favorites. Can you guess what it is?",Lasagna.
This became a fashion statement in the garden of Eden?,Fig Leaf.
This both describes gorgeous woman and an excellent punch?,Knockout.
"This breakfast food is thin, flat cake or batter, usually fried and turned in a pan. It is often enjoyed with butter and syrup?",Pancakes.
"This Cajun dish of rice with shrimp, chicken and vegetables, is often enjoyed with cornbread?",Jambalaya.
This can be found under bridges and even on the internet?,Troll.
"This can only be given and never bought, it is craved by sinners but by saints it is not? What is it?",Forgiveness.
This Chocolate baked good is a soft candy made from sugar butter and milk or cream?,Fudge.
This comes in a tin can and are best known to cure halitosis?,Altoids.
This company makes billions of dollars selling Windows?,Microsoft.
This could make wooden boy's noses grow?,Fib.
This creature travels in a gaggle?,Goose.
This crisp stick-shaped roll is often enjoyed with soup or marinara sauce?,Bread Stick.
This delicious kids snack is a fruit-flavored gelatin dessert made from a commercially prepared powder?,Jello.
"This dip for chips is a spanish style sauce, mainly consisting of peppers, diced tomatos and spices for a spicy flavor?",Salsa.
This dish consists of a rolled tortilla with a filling typically of beef or chicken and served with a chili sauce?,Enchelada.
"This dish is defined as small pasta envelopes containing ground meat, cheese, or vegetables?",Ravioli.
"This dish is hot frankfurter served in a long, soft roll and typically topped with various condiments. Often served with hamburgers?",Hot Dog.
This dish is usually consumed at breakfast time with milk?,Cereal.
This falls from the mouths of babies and Homer Simpson when he sees doughnuts?,Drool.
"This food is a chop of pork cut perpendicularly to the spine of the pig and usually containing a rib or part of a vertebra, served as an individual portion?",Pork Chops.
"This food is a staple for households world wide. It's definition is: An edible seed, typically kidney-shaped, growing in long pds on certain leguminous plants?",Beans.
This food is a staple grain in many pantries world wide. You often steam or boil it and serve it in a variety of different ways. One brand touts the fact that it can be cooked in 1 minute?,Rice.
This food is a Thanksgiving tradition?,Turkey.
This food is a tortilla filled with cheese and sometimes chicken before being heated or cooked?,Quasedilla.
"This food is a white meat, that often goes with salad. It's poultry?",Chicken.
This food is an immature bean pod eaten as a vegetable. They are green?,Green Beans.
This food is made of grated potatos smashed together and fried in the form of a tot?,Tater Tots.
"This food is usually grilled and put between two buns, with cheese,tomato and pickles?",Burger.
"This food, made from pork, is often eaten along side eggs and bacon?",Sausage.
"This for is a baked dish of fruit, or meat and vegetables, typically with a top and base of pastry?",Pie.
This goes up and down but never moves? What is it?,A flight of stairs.
"This greek dish is similar to a taco or pita sandwich in appearance. It is made with a fatty meat in a taco shell shaped flatbread with tomatos, lettice and other veggies?",Gyro.
This guy crossed a road and everyone wants an explanation?,Chicken.
This has been cut with water?,Diluted.
"This has no beginning, middle or end and all the greatest thinkers see it but can't comprehend. What is it?",Space.
This heavy and ancient suit was not worn with a tie but was always worn in battle?,Armor.
This is a baked snack that is traditionally twisted into a unique knot-like shape?,Pretzel.
This is a coat that will soon dry but it must be put on while it is wet?,Paint.
This is a dead giveaway?,Will.
"This is a dish containing beans, sometimes baked but, despite the name, usually stewed, in a sauce. A common brand is Bush's?",Baked Beans.
"This is a Japanese food consisting of cooked vinegared rice sushi-meshi combined with other ingredients, usually raw fish or other seafood?",Sushi.
This is a natural tattoo on babies?,Birthmark.
This is a paradox to some. The worse it is the better it becomes. What is it?,Pun.
"This is a pear-shaped fruit with a rough leathery skin, smooth oily edible flesh and a large pit in the center. It is most used in guacamole dip?",Avocado.
This is a plant named after a light source. What is it?,Sunflower.
This is a shape and a symbol that we literally cannot live without. What is it?,Heart.
This is a single seater best accompanied by circus music coupled with a great balance?,Unicycle.
This is an ancient suit that is not worn with a tie?,Armor.
This is in a realm of true and in a realm false but you experience me as you turn and toss?,Dream.
"This is meat from the upper part of a pig's leg salted and dried or smoked, often enjoyed in a sandwich?",Ham.
This is needed both for courage and hard-cover books?,Spine.
This is needed both for courage and hardcover books?,Spine.
This is often found in doctor's offices and a common sight in pirate flags?,Skeleton.
This is something you carry while singing?,Tune.
This is the common vehicle both George J. Jetson and Neil A. Armstrong drove to work?,Spaceship.
This is the drinkable phase of matter?,Liquid.
This is the known hairdo for nascar fans?,Mullet.
This is the main ingredient in spaghetti and Mac-N-Cheese?,Pasta.
This is the most famous bank where children keep their assets?,Piggy Bank.
This is the tallest peak in the happiest place on earth?,Matterhorn.
"This is variety of pasta formed in narrow tubes, often mixed with cheese powder. The most common brand is Kraft?",Macaroni.
This is where the wind comes sweeping down the plain. Not to mention the waving wheat?,Oklahoma.
This is your stomach's way of letting you know you've neglected it?,Grumble.
This large green melon has red pulp inside and watery juice. Best enjoyed cold on a hot summer day?,Watermelon.
This man has an obsession with spinach?,Popeye.
This man has married many but has never been married?,Priest.
This Mexican dish is a type of flatbread made of crushed flour or cornmeal and is cooked and then enjoyed hot or cold. It is used especially in making quesadllas?,Tortilla.
This monkey food makes people slip and fall in cartoons?,Bananas.
"This mother comes from a family of eight, Supports her children in spite of their weight, Turns around without being called, Has held you since the time you crawled?",Earth.
This noble creature has the embarrassing inability to get up once it's been flipped onto its back?,Turtle.
This old one runs forever but never moves at all. He has not lungs nor throat but still a mighty roaring call?,Waterfall.
This old one runs forever but never moves at all. He has not lungs nor throat but still a mighty roaring call. What is it?,Waterfall.
This only turns over once you have travelled very far. What is it?,Odometer.
This orange colored fruit gets its name from its color?,Orange.
This orange vegetable is a favorite of Bugs Bunny?,Carrot.
This pastry is a fruit pie in which the principal filling ingredient is apples?,Apple Pie.
This patch of land stands alone?,Island.
This person has left the building?,Elvis.
This plant is responsible for spreading a lot of gossip?,Grapevine.
This royal young lady had several short men following her and helping her in the forest?,SnowWhite.
"This small, rolled tortilla usually has meat or cheese filling and was originally invented in mexico?",Taqitos.
"This small, round stone fruit that is typically bright or dark red, is often served on top of whipped cream on a milk shake?",Cherry.
This sparkling globe can float on water. It is light as a feather but ten giants can't pick it up?,Bubble.
"This thing all things devours, Birds, beasts, trees and flowers. Gnaws iron bites steel, Grinds hard stones to meal, Slays king, ruins town and beats high mountain down?",Time.
"This thing all things devours: Birds, beasts, trees, flowers; Gnaws iron, bites steel; Grinds hard stones to meal; Slays king, ruins town and beats high mountains down?",Time.
This thing can bat but never hit. It is next to a ball that is never thrown. It is good luck when found and it falls when it is lost?,Eyelash.
"This thing runs but cannot walk, sometimes sings but never talks. Lacks arms, has hands; lacks a head but has a face?",Clock.
"This toasted sandwich is made with Bacon, Lettice and Tomato?",BLT.
This type of corn swells up and bursts into a crisp puff when heated?,Popcorn.
This type of cuisine is independent of utensils and usually tastes better than it sounds?,FingerFood.
"This type of food, which is a fungus, is often served on supreme pizza, in spaghetti and in a particular ""cream of"" style soup?",Mushroom.
This type of tempting cuisine is independent of utensils and usually tastes better than it sounds?,Finger Food.
This veggie is characterized of long stalks or shoots taken from the plant. They have a strong odor when cooked and can influence the color or urine?,Asparagus.
This would be a good place to find Can-Can girls and drunk Cowboys?,Saloon.
Those ambitious people will climb the social version of this contraption. What is this?,Ladder.
Those who stand vigil by the shore?,CoastGuard.
Those with eyes bigger than their stomach will definitely leave the restaurant with one of them. It is named after a house pet as well?,Doggy Bag.
Those without much of an appetite will leave the restaurant with this item named after a pet?,DoggyBag.
"Those wooden birds are now in sight whose voices roar, whose wings are white, whose maws are fill'd with hose and shoes, with wine, cloth, sugar, salt and news, when they have eas'd their stomachs here they cry farewell, until next year?",Ships.
"Though blind as well, can lead the blind well?",Cane.
"Though desert men once called me God, today men call me mad. For I wag my tail when I am angry. And growl when I am glad?",Cat.
"Though desert men once called me God, today men call me mad. For I wag my tail when I am angry. And growl when I am glad. What am I?",Cat.
"Though easy to spot, when allowed to plume, It is hard to see, when held in a room?",Smoke.
"Though I am dark, Adam married me. What am I?",Eve.
"though I am only two words, I have thousands of letters in me. What am I?",Post Office.
"Though I dance at a ball, I am nothing at all. What am I?",A shadow.
"Though I do not speak, I oft impart The secret wishes of the heart; I may deceive, may make amends, May create foes and yet make friends. The harshest anger I can disarm, Such is the power of my charm?",Smile.
"Though I have neither legs nor feet, my use is for to go; Altho' I cannot speak, I tell what others want to know?",Watch.
"Though I wander the earth, I am no longer here. I am pale and I chill everyone near. Who am I?",Ghost.
"Though it be cold, I wear no clothes, the frost and snow I never fear; I value neither shoes nor hose and yet I wander far and near: My diet is forever good, I drink no cider, port, nor sack, what Providence doth send for food, I neither buy, nor sell, nor lack?",Fish.
"Though it be cold, I wear no clothes, the frost and snow I never fear; I value neither shoes nor hose and yet I wander far and near: My diet is forever good, I drink no cider, port, nor sack, what Providence doth send for food, I neither buy, nor sell, nor lack. What am I?",Fish.
"Though it is not an ox, it has horns; Though it is not a donkey, it has packed-saddle; And wherever it goes it leaves silver behind?",Snail.
"Though learning has fed me, I know not a letter; I live among the books, Yet am never the better?",Bookworm.
"Though liquid in nature, don’t push me too far for then I will break and the damage may scar. What am I?",Glass.
"Though liquid in nature, don't push me too far, for then I will break and the damage may scar?",Glass.
"Though liquid in nature, don't push me too far, for then I will break and the damage may scar. What am I?",Glass.
Though my beauty is becoming I can hurt you just the same; I come in many colors; I am what I am by any other name?,Rose.
"Though not a plant, has leaves. Though not a beast, has spine. Though many wouldn't need this thing, It's more valuable than wine?",Book.
"Though not a plant, I have leaves. though not a beast, I have spine. Though many wouldn't need me, I am more valuable than wine. What am I?",Book.
"Though seldom I flatter, I oft show respect To the prelate, the patriot and the peer; But sometimes, alas! A sad proof of neglect, Or a mark of contempt, I appear. By the couch of the sick, I am frequently found and I always attend on the dead; With patient affliction, I sit on the ground but if talk'd of, I'm instantly fled?",Silence.
Thousands lay up gold within this house. But no man made it. Spears past counting guard this house but no man wards it?,Beehive.
Thousands of these come together to make a digital image?,Pixel.
Thousands of these come together to make an amazing digital image?,Pixel.
Three doctors said that Bill was their brother. Bill says he has no brothers. How many brothers does Bill actually have?,None. He has three sisters.
"Three little letters, a paradox to some. The worse that it is, the better it becomes?",Pun.
"Three little letters. A paradox to some. The worse that it is, the better it becomes?",Pun.
"Three lives have I. Gentle enough to sooth the skin, Light enough to caress the sky, Hard enough to crack rocks?",Water.
Three lives have I. Gentle enough to soothe the skin. Light enough to caress the sky. Hard enough to crack rocks?,Water.
Three lives have I. Gentle enough to soothe the skin. Light enough to caress the sky. Hard enough to crack rocks. What am I?,Water.
Three men were under one umbrella but none of them got wet. How did they do it?,It wasn’t raining.
"Through its wounds, water does run. It once held many but now has none. What is it?",Shipwreck.
Throw it off the highest building and I'll not break. But put me in the ocean and I will?,Tissue.
"Tickle with your fingers and a song it will sing. Be careful, though, you may break a string. What is it?",Guitar.
Timid or weak people are said to not have these?,Backbone.
Tiny as they are but they eat homes from the inside out?,Termite.
Tiny creatures that have a special relationship with flowers?,Bumblebee.
"To be one of them, you need special abilities and brightly colored underwear?",Superhero.
"To cross the water I’m the way, for water I’m above; I touch it not and truth to say, I neither swim. What am I?",Bridge.
"To cross the water I'm the way, for water I'm above. I touch it not and, truth to say, I neither swim nor move?",Bridge.
"To cross the water I'm the way. For water I'm above I touch it not and truth to say, I neither swim nor move. What am I?",Bridge.
To moisten your peepers you must do this?,Blink.
"To unravel me you need a simple key, no key that was made by locksmith's hand. But a key that only I will understand?",Riddle.
"To you, rude would I never be, Though I flag my tongue for all to see?",Dog.
"Today he is there to trip you up. And he will torture you tomorrow. Yet he is also there to ease the pain, when you are lost in grief and sorrow?",Alcohol.
"Tom’s father has three sons: Jim, John and what’s the third one’s name?",Tom.
Tomorrow's yesterday. Yesterday's tomorrow. What is it?,Today.
"Too much for one, Enough for two and nothing at all for three?",Secret.
"Tool of thief, toy of queen. Always used to be unseen. Sign of joy, sign of sorrow. Giving all likeness borrowed?",Mask.
Toss me out of the window. You'll find a grieving wife. Pull me back but through the door and watch someone give life?,N.
"Touch this and you'll regret it. But if it's cold, you won't forget it. What is it?",Fire.
Transportation of choice for princesses to attend balls?,Carriage.
Treats said to be based on a shepherd's staff?,CandyCane.
Treats said to be based on a shephero’s staff?,Candy cane.
Tucked out of sight. I sing best at night. No instrument around but you'll find me on the ground. What am I?,Cricket.
Turkey day. What am I?,Thanksgiving.
Turn us on our backs and open up our stomachs and you will be the wisest but at the start a lummox. What are we?,Books.
Turns me on my backs and open up my stomach. You will be the wisest of men though at start a lummox. What am I?,Book.
Turns us on our backs and open up our stomachs. You will be the wisest of men though at start a lummox?,Books.
Twigs and spheres and poles and plates. Join and bind to reason make?,Skeleton.
"Two all beef patties, special sauce, lettuce and cheese in a sesame seed bun?",BigMac.
"Two bodies have I, though both joined in one, The more I stand still the faster I run?",Hourglass.
"Two bodies have i, though both joined in one. The more I stand still the faster I run. What am I?",Hourglass.
"Two bodies have I, though both joined in one. The more still I stand, the quicker I run?",Hourglass.
"Two brothers we are, great burdens we bear. All day we are bitterly pressed. Yet this I will say, we are full all the day and empty when go to rest?",Boots.
Two fathers and 2 sons spent the day fishing but only caught 3 fish. This was enough for each of them to have one fish. How is this possible?,"There were only 3 people fishing. There was one father, his son and his son's son. This means there were 2 fathers and 2 sons, since one of them is a father and a son."
"Two fathers and two sons are in a car, yet there are only three people in the car. How?","They are a grandfather, father and son."
Two fathers and two sons went fishing. They only caught 3 fish but they caught one fish each. How is this possible?,"It was a grandfather, a father and a grandson/son. (Both the grandfather and father are fathers and both the father and grandson are sons)."
"Two horses, swiftest traveling, harnessed in a pair and grazing ever in places. Distant from them?",Eyes.
"Two in a corner, 1 in a room, 0 in a house but 1 in a shelter. What am I?",R.
"Two in a corner, one in a room, none in a house but one in a shelter?",R.
"Two in a corner, one in a room, zero in a house but one in a shelter. What is it?","The letter ""r""."
Two in a whole and four in a pair. And six in a trio you see. And eight's a quartet but what you must get. Is the name that fits just one of me?,Half.
Two in a whole and four in a pair. Six in a trio you see. Eight's a quartet but what you must get is the name that fits just one of me. What am I?,Half.
"Two in a whole and four in a pair. Six in a trio you see. Eight's a quartet but what you must get, Is the name that fits just one of me?",Half.
"Two is one, four is two and six is three. Don't you see? What am I?",Half.
Two legs I have and this will confound: Only at rest do they touch the ground! What am I?,Wheelbarrow.
Two legs I have and this will confound. Only at rest do they touch the ground! What am I?,Wheelbarrow.
Two legs I have and this will confound. Only at rest do they touch the ground. What am I?,Wheelbarrow.
"Two legs I've got, Which never walk on ground; But when I go or run, One leg turns round?",Compass.
Two little holes in the side of a hill. Just as you come to the cherry-red mill?,Nose.
"Two mothers and two daughters went out to eat. Everyone ate one burger, yet only three burgers were eaten in all. How is this possible?","They were a grandmother, mother and daughter."
"Two year-old children who throw tantrums get this nickname. So did the tsar ""Ivan.""?",Terrible.
U always follow me but I am rarely seen. What am I?,Q.
"Until I am measured I am not known, Yet how you miss me when I have flown?",Time.
"Until I am measured, I am not known. Yet how you miss me when I have flown! What am I?",Time.
"Until I am measured. I am not known, yet how you miss me when I have flown?",Time.
Up on high I wave away but not a word can I say?,Flag.
"Upon me you can tread, though softly under cover. And I will take you places, that you have yet to discover. I'm high and I'm low, though flat in the middle. And though a joy to the children, adults think of me little?",Stairs.
Use me if you really want to see inside someone. What am I?,X-ray.
Use me to reward good behavior. What am I?,Treat.
Use this if leaping off a bridge for fun?,Bungee.
Use this machine if you really want to see inside somone?,Xray.
"Used left or right, I get to travel over cobblestone or gravel. Used up, I vie for sweet success, used down, I cause men great duress?",Thumb.
"Used left or right, I get to travel over cobblestone or gravel. Used up, I vie for sweet success, used down, I cause men great duress. What am I?",Thumb.
Used on a diamond and left on a board. It's great for a gymnast his grip to restore. What is it?,Chalk.
Used to keep prisoners silent and to make temporary repairs on cars?,DuctTape.
"Used to wield power and glory, yet results were rather gorey, When it wrote our human story. In the eyes of wiser men, it is weaker than a pen?",Sword.
Used to yell in a text?,Caps.
Useful term for when you need to start a fire or notice someone with the same shirt as you?,Match.
"Using only addition, how can you add eight 8's to get the number 1,000?","888 + 88 + 8 + 8 + 8 = 1,000."
Usually green but can be brown. It's a great place to play or lie down. What is it?,Grass.
Very helpful if you intend to go gently down a river?,Rowboat.
Very helpful if you intend to go gently down a stream?,Rowboat.
Vikings use this for warmth?,Pelt.
"Violet, indigo, blue and green, yellow, orange and red; these are the colors you have seen after the storm has fled. What am I?",Rainbow.
"Voiceless it cries, wingless flutters, toothless bites, mouthless mutters?",Wind.
"Walk on the living, they don't even mumble. Walk on the dead, they mutter and grumble?",Leaves.
"Walk on the living, they don’t even mumble. Walk on the dead, they mutter and grumble?",Leaves.
Warns of deflating tires and serpents?,Hiss.
Watches students at the prom to make sure there's no funny business?,Chaperone.
Water dwelling mammal known for its work ethic?,Beaver.
We applaud if you perform well. What am I?,Audience.
We are a round stone fruit with juicy yellow flesh and downy pinkish-yellow skin that is often sweet or tar in taste. What are we?,Peach.
"We are all around, yet to us you are half blind. Sunlight makes us invisible and difficult to find?",Stars.
"We are few to the wise; We are abundant to the drunken; We can calm the beast And are precious to the child; We can devour the heart, Without piercing the skin?",Words.
We are five little objects of an everyday sort. You will find us all in a tennis court?,Vowels.
"We are little airy creatures, all of different voice and features, one of us in glass is set. One of us you'll find in jet. Another you may see in tin. And the fourth a box within. If the fifth you should pursue, it can never fly from you?",Vowels.
"We are little airy creatures, all of different voice and features, one of us in glass is set. One of us you'll find in jet. Another you may see in tin. And the fourth a box within. If the fifth you should pursue, it can never fly from you. What am I?",Vowels.
"We are little brethren twain, arbiters of loss and gain; man to our counters run, some are made and some undone; but men find it, to their cost, few are made but numbers lost; though we play them tricks for ever, yet they always hope our favor?",Dice.
"We are little creatures; all of us have different features One of us in glass is set; one of us you;ll find in jet. Another you may see in tin and fourth is boxed within. If the fifth you should pursue, it can never fly from you. What are we?",Vowels.
We are two brothers on opposite sides of the road but we never see each other. Who are we?,Eyes.
We dwell in cottages of straw and labor much for little gains; sweet food from us our masters draw and then with death reward our pains?,Bees.
"We have no flesh, feather and bone. Yet we still have fingers and thumbs of our own. What are we?",Gloves.
"We see it once in a year, twice in a week and never in a day. What is it?",LetterE.
We total ten but two we make. When we are together people may quake. What are we?,Fists.
"We travel much, yet prisoners are and close confined to boot. Yet with any horse, we will keep the pace and will always go on foot?",Spurs.
Wearing one of these warm garments around might get you doused in red paint?,FurCoat.
"Weight in my belly, Trees on my back, I travel fast in my place but feet is a feature I lack?",Ship.
"Weight in my belly, trees on my back, nails in my ribs, feet do I lack. What am I?",Ship.
"Weight in my belly, trees on my back, nails in my ribs, feet I do lack?",Boat.
"Weight in my belly, trees on my back, nails in my ribs, feet I do lack. What am I?",Boat.
"Weight in my belly, trees on my back;, nails in my ribs, feet I do lack?",Ship.
"Weight in my belly, trees on my back. Nails in my ribs, feet I do lack. What am I?",Ship.
What 's the difference Between one yard and two yards?,Fence.
What 10-letter word starts with GAS?,AUTOMOBILE.
What 2 things can you never eat for breakfast?,Lunch and dinner.
What 3 numbers give the same result when multiplied and added together?,"1, 2 and 3 (1 + 2 + 3 = 6 and 1 x 2 x 3 = 6)."
"What 4-letter word can be written forward, backward or upside down and can still be read from left to right?",NOON.
What 7 letter word becomes longer when the third letter is removed?,Lounger.
What a South American might say to a friend as they depart?,Adios.
What age is served for breakfast?,Sausage.
What age most travelers have?,Baggage.
What always comes into the house through the keyhole?,Key.
What always ends up broken before you use it?,An egg.
What always goes to bed with his shoes on?,Horse.
What always goes to sleep with his shoes on?,Horse.
"What always runs but never walks, often murmurs, never talks, has a bed but never sleeps, has a mouth but never eats?",River.
"What always runs but never walks, often murmurs, never talks. Has a bed but never sleeps, has a mouth but never eats?",River.
What always works with something in its eye?,Needle.
What American has had the largest family?,"George Washington, the father of his country."
What an fill a room but takes up no space?,Light.
What animal can jump higher than a building?,"Any animal that can jump — buildings don’t jump, silly."
What animal can you never trust?,A lion.
What animal drops from the clouds?,"The rain, dear."
What animal dwells in water and best known for its work ethic?,Beaver.
What animal gives away money and says moo?,Cash Cow.
What animal has feet on the head?,Lice.
What animal is the best at landscaping?,Hedgehogs.
What animal jumps when it walks and sits when it stands?,Kangaroo.
What animal keeps the best time?,Watchdog.
What answer can you never answer yes to?,Are you asleep yet?
What ant is the youngest?,Infant.
"What appears once in a minute, twice in a moment but not once in a thousand years?","The letter ""M."""
What are crispy and crunchy and sail the ocean blue?,Potato ships.
What are King Kong’s favorite cookies?,Chocolate chimp.
What are the biggest kind of ants?,Gi-ants.
What are the most difficult ships to conquer?,Hard-ships.
What are the most unsociable things in the world?,"Milestones, because you never see two of them together."
What are two things you can never eat for dinner?,Breakfast and Lunch.
What are you certain to find inside your pocket when you reach into it?,Hand.
What asks but never answers?,Owl.
What asks no questions but requires many answers?,A doorbell.
What bank never has any money?,A river bank.
What becomes too young the longer it exists?,Portrait.
What becomes white when it is dirty?,Blackboard.
What becomes whiter the dirtier it gets?,Chalkboard.
What begins and has no end? What is the ending of all that begins?,Death.
"What begins with an ""e"" and only contains one letter?",An envelope.
What begins with an E but only has one letter?,An envelope.
What begins with T ends with T and has a T in it?,A teapot.
"What begins with T, ends with T and has T in it?",Teapot.
"What begins with T, finishes with T and has T in it?",A teapot.
What belongs to you but is used more by others?,Your name.
What belongs to you but others use it more than you do?,Name.
What belongs to you but others use it more than you do?,Your Name.
what binds two people yet touches only one?,Ring.
What bird can lift the heaviest weight?,Crane.
What bird is always sad?,A blue jay.
What bird is always unhappy?,Bluebird.
What birds have 4 feet and yellow feathers?,Two canaries.
"What body part is pronounced as one letter but written with three, only two different letters are used?",Eye.
What bone has a sense of humor?,Humorous.
What Botox will do to your expression?,Paralyze.
What breaks as soon as you say its name?,Silence.
What breaks in the water but never on land?,Wave.
What breaks without falling?,Day.
What breaks yet never falls and what falls yet never breaks?,Day and night.
What build its house with earthen string and ensnares its prey with a biting sting?,Spider.
What building has the most stories?,A library.
What building has the most stories?,Library.
What building has the most stories?,The library.
What bus crossed the ocean?,Columbus.
"What calls for help, when written in capital letters, in the same forwards, backwards and upside down?",Sos.
"What calls for help, when written in capital letters, is the same forwards and backwards and upside down?",SOS.
"What calls for help, when written in capital letters, is the same forwards, backwards and upside down?",SOS.
What can a person place in his right hand but not in his left hand?,His left elbow.
What can be a tree but also part of your hand?,Palm.
What can be any size or shape and gets bigger the more you take from it?,Hole.
"What can be big, white, dirty and wicked?",A lie.
What can be broken without being touched?,Promise.
"What can be cracked, made, told and played?",A joke.
What can be filled with empty hands?,Gloves.
What can be grown without sun or soil and can either provide nourishment or deliver poison?,Mushroom.
What can be heard and caught but never seen?,Remark.
What can be hot or cold and appears blue but is really red?,Blood.
What can be measured but not seen?,Time.
What can be played with no rules and no winners or losers?,Instruments.
What can be seen but never found that only hides in the unwound?,Relaxation.
What can be seen but not touched?,Shadow.
What can be swallowed but can also swallow you?,Pride.
"What can bring back the dead, make us cry, make us laugh, make us young, born in an instant yet lasts a life time?",Memories.
"What can bring back the dead; make us cry, make us laugh, make us young; born in an instant yet lasts a life time?",Memories.
"What can bring back the dead. Make us cry, make us laugh, make us young. Born in an instant yet lasts a life time?",Memory.
"What can burn the eyes, sting the mouth, yet be consumed?",Salt.
"What can burn the eyes, sting the mouth, yet be eaten?",Salt.
What can fill a room but takes up no space?,Light.
"What can get you there in eco style, pushed by your legs mile after mile?",Bicycle.
What can go through glass without breaking it?,Light.
what can go through tows and over hills without moving?,Road.
What can go up a chimney down but can’t go down a chimney up?,"An umbrella. If your umbrella is ""down,"" it can fit through a chimney but if it’s ""up,"" it won’t fit."
What can go up a chimney down but cannot go down a chimney up?,Umbrella.
What can go up the chimney down but cant go down the chimney up?,Umbrella.
"What can hold all days, weeks and months but still fit on a table?",Calendar.
What can honk without using a horn?,Goose.
What can jump higher than a building?,"Anything that can jump — buildings don’t jump, silly."
What can jump higher than a tower?,Anything that can jump because towers can’t jump.
What can pass before the sun without making a shadow?,The wind.
"What can provide food before it is alive, while it is alive and after its dead?",Chicken.
What can run but cannot walk?,Water.
"What can run but never walks, has a mouth but never talks, has a head but never weeps, has a bed but never sleeps?",A river.
"What can run but never walks, has a mouth but never talks, has a head but never weeps, has a bed but never sleeps?",River.
What can speak without a tongue and listen without ears?,Telephone.
What can stand in place of a country but still fold away in a drawer?,Flag.
What can touch someone once and last them a life time?,Love.
What can travel all around the world without leaving its corner?,A stamp.
What can travel around the world while staying in a corner?,A stamp.
What can travel around the world while staying in a corner?,Stamp.
What can you add to a bucket full of water to make it lighter?,Hole.
What can you always count on?,Fingers.
What can you blow up and keep intact?,Balloon.
What can you break but not touch?,Promise.
"What can you break, even if you never pick it up or touch it?",A promise.
What can you buy from a grocery store for under $2 that will make you rich?,A 100 Grand candy car.
What can you catch but not throw?,A cold.
What can you catch but not throw?,Cold.
What can you hold in your left hand but not in your right hand?,Your right elbow.
What can you hold in your right hand but never your left hand?,Your left hand.
What can you keep after giving to someone else?,Your word.
What can you lose that will cause other people to lose theirs too?,Temper.
What can you never have for breakfast?,Lunch.
"What can you put between 7 and 8, to make the result greater than 7 but less than 8?","A decimal point. Your result would be 7.8, which is between 7 and 8."
What can you put in a barrel to make it lighter?,Hole.
What can you put in a bucket full of water to make it lighter?,Hole.
"What can you spell with B, R and Y?",Brandy.
What can your pocket hold while it is completely empty?,Hole.
What can't be burned in a fire nor drowned in water?,Ice.
What can’t be put in a saucepan?,It’s lid.
What can’t be put in a saucepan?,Its lid.
What can’t be put in a saucepan?,"Its"" lid."
"What can’t run, even though it has three feet?",A yardstick.
What can’t talk but can reply?,An echo.
What can’t talk but will reply when spoken to?,An echo.
"What can’t you see, even though it’s always before you?",The future.
"What can't you see, hear or feel, until its too late. What shadows love and shopkeepers hate?",Thief.
What car is spelled the same frontwards and backwards?,Racecar.
What chins are never shaved?,Ur-chins.
What coat is finished without buttons and put on wet?,A coat of paint.
What comes after cheese?,Mice.
What comes down but never back goes up?,Rain.
What comes down but never goes up and happens most often in the spring?,Rain.
What comes down but never goes up?,Rain.
What comes from an egg and peels like a fruit? It can sizzle like bacon and slender to boot?,Snake.
What comes in many different sizes but is always only 1 foot long?,Shoe.
What comes in many varieties and can't be seen or touched but it often makes you move?,Music.
What comes once a day but leaves every morning?,Night.
"What comes once in a minute, twice in a moment but never in a thousand years?",The letter M.
What company makes billions of dollars selling windows?,Microsoft.
What contains more feet in winter than in summer?,An ice skating rink.
"What covers its face with its hands, speaks no language, yet most known what it's saying?",Clock.
"What creature starts yellow inside and white outside, then becomes its first five before becoming the whole?",Chicken.
"What cries without a voice, flutters without wings and bites without a mouth?",Wind.
What cruel person would sit on a baby?,Baby Sitter.
What dance do bakers prefer?,A-bun-dance.
What demands an answer but asks no questions?,Telephone.
What dentists battle on a daily basis?,Cavities.
What devours all and can kill a king. Destroy a town and crushes mountains down?,Time.
What did 50 Cent do when he was hungry?,58.
What did Adam and Eve lack that everyone else has?,Parents.
What did Adam do when he wanted sugar?,Raised Cain.
What did Adam never have but give his children?,Parents.
What did one hat say to the other?,You wait here. I’ll go on a head.
What did one pickle say to the other?,Dill with it.
What did one plate say to the other?,Dinner is on me.
What did one toilet say to another?,You look flushed.
What did one wall say to another?,Meet you at the corner.
What did one wall say to the other wall?,I’ll meet you at the corner.
What did one wall say to the other?,I'll meet you at the corner.
What did Paul Revere say when he finished his famous ride?,Whoa.
What did the baseball glove say to the ball?,Catch you later.
What did the beach say when the tide came in?,"Long time, no sea."
What did the big toe say to the little toe?,Don’t look now but there’s a heel following us.
What did the buffalo say when his son left for college?,Bison.
What did the cake say to the fork?,You want a piece of me?
What did the cucumber say to the pickle?,You mean a great dill to me.
What did the dirt say when it rained?,"If this keeps up, my name is mud."
What did the drummer name her twin daughters?,"Anna 1, Anna 2."
What did the duck put in its soup?,Quackers.
What did the duck say when it laid a square egg?,Ouch.
What did the duckling say when he saw his first colored Easter egg?,"Ooh, look at the orange marmalade."
What did the football coach say to the broken vending machine?,Give me my quarterback.
What did the horse say after it tripped?,Help. I’ve fallen and I can’t giddyup.
What did the janitor say when he jumped out of the closet?,Supplies.
What did the lettuce say to the celery?,Quit stalking me.
What did the mom tomato say to the dawdling baby tomato?,Ketchup.
What did the near-sighted porcupine say when it backed into a cactus?,"Pardon me, honey."
What did the nut say to the other nut in a game of tag?,Imma cashew.
What did the pirate say when he turned 80?,Aye matey.
What did the policeman say to his hungry stomach?,Freeze. You’re under a vest.
What did the rug say to the floor?,Don’t move—I have you covered.
What did the shark say when he ate the clownfish?,This tastes a little funny.
What did the tomato say to the other tomato during a race?,Ketchup.
What did the triangle say to the circle?,You are pointless.
What did the triangle say to the circle?,You’re pointless.
What did the worker at the rubber band factory say when he was fired?,Oh snap.
What did the yoga instructor say when her landlord tried to evict her?,Namaste.
What did the zero say to the eight?,Nice belt.
What disappears if you say its name?,Silence.
What dish consists of tortilla chips smothered in cheese?,Nachos.
What divides by uniting and by dividing?,Scissors.
What divides by uniting and unites by dividing?,Scissors.
What do both a tooth and a tree have?,Roots.
What do clouds wear under their shorts?,Thunder pants.
What do cows do on date night?,Go to the moo-vies.
What do cows read the most?,Cattle-logs.
What do cows say when they hear a bad joke?,I am not amoosed.
What do elves do after school?,Gnomework.
What do elves learn at school?,The Elf-abet.
What do elves learn in school?,The elf-abet.
What do giraffes have that no other animal has?,Little giraffes.
What do lawyers wear to court?,Lawsuits.
What do people make that you can't see?,Noise.
What do people need but always give away?,Money.
What do rich people have that can be changed into the law?,Wealth.
What do sea monsters eat?,Fish and ships.
What do sprinters eat before they race?,Nothing. They fast.
What do tarantulas drink on Halloween?,Apple spider.
"What do the numbers 11, 69 and 88 all have in common?",The read the same right side up and upside down.
"What do the numbers 11, 69 and 88 all have in common?",They all read the same way when placed upside down.
"What do the poor have that the rich need and if you eat it, you will die?",Nothing.
"What do we see every day, Kings see rarely and God never sees?",Equal.
What do we see made but never after it’s made?,A noise.
What do you call a bear with no teeth?,A gummy bear.
What do you call a blind dinosaur?,A do-you-think-he-saw-us.
What do you call a carpenter who can’t find his tools?,A saw loser.
What do you call a cat who drinks lemonade?,A sourpuss.
What do you call a chicken that is staring at a lettuce?,Chicken sees a salad.
What do you call a chihuahua in the summer?,A hot dog.
What do you call a dog that sweats so much?,Hotdog.
What do you call a fairy that hasn’t taken a bath?,Stinker Bell.
What do you call a fish that wears a crown?,King fish.
What do you call a fish without an eye?,Fsh.
What do you call a greedy grumpy holiday hater?,Scrooge.
What do you call a group of musical whales?,"An ""orca-stra."""
What do you call a hippie’s wife?,Mississippi.
What do you call a lonely patch of land?,Island.
What do you call a magic dog?,A labracadabrador.
What do you call a magician that looses his magic?,Ian.
What do you call a parade of rabbits hopping backward?,A receding hare-line.
What do you call a pig that does karate?,A pork chop.
What do you call a pig that practices karate?,A pork chop.
What do you call a pile of cats?,A meow-ntain.
What do you call a pony with a cough?,A little horse.
What do you call a rabbit with fleas?,Bugs Bunny.
What do you call a rooster staring at a pile of lettuce?,A chicken sees a salad.
What do you call a sad cup of coffee?,Depresso.
What do you call a sad strawberry?,A blue berry.
What do you call a sleeping dinosaur?,A dino-snore.
What do you call a train carrying bubblegum?,A chew-chew train.
"What do you call a very, very young robin?",An egg.
What do you call a well-balanced horse?,Stable.
What do you call a witch that lives in the sand?,Sandwich.
What do you call a woman with one leg?,Eileen.
What do you call an alligator in a vest?,An investigator.
What do you call an angry carrot?,A steamed veggie.
What do you call an ant who fights crime?,A vigilANTe.
What do you call an apology written in dots and dashes?,Re-Morse code.
What do you call bread that has been browned in a small electric oven until it is crispy?,Toast.
What do you call fake spaghetti?,"An ""impasta."""
What do you call it when your parachute doesn’t open?,Jumping to a conclusion.
What do you call phoney spaghetti?,An im-pasta.
What do you call the edge of both earth and bread?,Crust.
What do you call the mother-in-law of your sister's husband?,Mother.
What do you call the offspring of a feline and a Xerox machine?,Copycat.
What do you do with a dead chemist?,Barium.
What do you fill with empty hands?,Gloves.
What do you find at the end of a rainbow?,The letter W.
What do you get from a pampered cow?,Spoiled milk.
What do you get if you cross a vampire and a snowman?,Frostbite.
What do you get if you milk a cow after an earthquake?,Milk Shake.
What do you get if you put a mother duck and five ducklings into a box?,A box of quackers.
What do you get if you put a radio in the fridge?,Cool Music.
What do you get when you cross a chicken and a pig?,Eggs and Bacon.
What do you get when you cross a fish and an elephant?,Swimming trunks.
What do you get when you cross a snowman and a vampire?,Frostbite.
What do you get when you cross a snowman with a vampire?,Frostbite.
What do you get when you cross a vampire and teacher?,Blood Test.
What do you get when you cross an automobile with a household animal?,Carpet.
What do you have when you're sitting down that you don't have when you're standing up?,Lap.
What do you not want to have and not want to lose?,Lawsuit.
What do you throw out to use and take in when you're done?,Anchor.
What do you throw out to use and take in when youre done?,Anchor.
What do you throw out when you want to use it but take in when you don't want to use it?,Anchor.
What do you throw out when you want to use it but take in when you don’t want to use it?,Anchor.
What do you use to hoe a row and say hello?,Hands.
"What do you use to hoe a row, slay a foe and wring with woe?",Hands.
What does a baby computer call his father?,Data.
What does a cat have That no other animal has?,Kittens.
What does a ghost use to wash its hair?,Sham-boo.
What does a nosy pepper do?,Gets jalapeño business.
What does a person usually grow in a garden if he works hard?,Tired.
What does a spy do when he is cold?,He goes undercover.
What does a storm cloud wear under his raincoat?,Thunderwear.
"What does an iron-clad vessel of war, with four inches of steel plating and all her guns on board, weigh just before starting on a cruise?",She weighs anchor.
What does corn say when it gets a compliment?,"Aw, shucks."
"What does every man have, some longer or shorter than others and they give it to their wife when they get married?",Last Name.
What does everyone have that goes up but never comes down?,Age.
"What does man love more than life, fear more than death or mortal strife. What the poor have, the rich require and what contented men desire. What the miser spends and the spendthrift saves. And all men carry to their graves?",Nothing.
"What does man love more than life, hate more than death or mortal strife; that which contented men desire; the poor have, the rich require; the miser spends, the spendthrift saves and all men carry to their graves?",Nothing.
"What does no man want, yet no man want to lose?",Job.
"What does no man want, yet no man want to lose?",Work.
What does someone else have to take before you can get?,Photograph.
What does the duck say when he hears his stomach rumble?,"Oh, I have a stomach quake."
What does x-p-d-n-c spell?,Expediency.
What doesn't exist but has a name?,Nothing.
"What doesn't get any wetter, no matter how much rain falls on it?",Water.
"What doesn’t get any wetter, no matter how much rain falls on it?",Water.
What dresses for summer and sheds in the winter?,Tree.
What driver never gets arrested?,A screwdriver.
"what eight letter word has kst in middle, in the beginning and at the end?",Inkstand.
What element is not on the periodic table?,The element of surprise.
What English word has three consecutive double letters?,Bookkeeper.
"What english word keeps the same pronunciation, even after you take away four of its five letters?",Queue.
What English word retains the same pronunciation even after you take away four of its five letters?,Queue.
"What English word retains the same pronunciation, even after you take away four of its five letters?",Queue.
What falls a lot but doesn’t get hurt at all?,Rain.
What falls but never breaks?,Night.
What falls in winter but never gets hurt?,Snow.
what falls when thrown up but rises when thrown down?,Ball.
What fish came first?,Goldfish.
What fish is a celebrity?,Starfish.
What five-letter word becomes shorter when you add two letters to it?,Short.
What five-letter word becomes shorter when you add two letters to it?,"Shorter. (Short + ""er’)."
What five-letter word becomes shorter when you add two more letters?,Short.
What five-letter word gets short when you add two letters to the end?,Short.
What flares up and does a lot of good and when it dies is just a piece of wood?,Match.
What flies all day but never goes anywhere?,A flag.
"What flies forever, Rests never?",Wind.
"What flies when it born, lies while it is alive and runs when it dies?",Snowflake.
What flies without wings?,Time.
What flies without wings? What passes all things? What mends all sorrow? What brings the morrow?,Time.
What flower does a person carry around all year?,Tulips.
What flowers have two lips?,Tulips.
What follows a dog wherever it goes?,Tail.
"What food has no beginning, end, or middle?",Donut.
"What force and strength cannot get through, I with my unique teeth can do. What am I?",Key.
"What force and strength cannot get through, i, with a gentle touch, can do. And many in the street would stand, were i not a friend at hand?",Key.
"What force and strength cannot get through. I, with a gentle touch, can do. Many in the street would stand. Were I not a friend at hand?",Key.
What fruit can you never cheer up?,A blueberry.
What fruit has its seeds on the outside?,Strawberry.
What fruit is mentioned most in history?,Dates.
What fruit is of great use in history?,Date.
What fuels backyard get-togethers?,Charcoal.
What gets beaten and whipped but never cries?,Egg.
What gets bigger the more you take away from it?,Hole.
What gets bigger the more you take away?,A hole.
What gets broken when you don't hold it?,Secret.
What gets broken without being held?,Promise.
What gets harder to catch the faster you run?,Breath.
What gets served but never eaten?,Tennis Ball.
What gets weeter as it dries?,Towel.
What gets wet as it dries?,A towel.
What gets wet when you get dry?,A towel.
What gets wet while drying?,A towel.
What gets wetter and wetter the more it dries?,A towel.
What gets wetter and wetter the more it dries?,Towel.
What gets wetter as it dries?,Towel.
What gets wetter the more it dries?,A towel.
What gets wetter the more it dries?,Towel.
What gets whiter the dirtier it gets?,Blackboard.
What gets whiter the dirtier it gets?,Chalkboard.
What gets whiter the dirtier that it gets?,Chalkboard.
What goes around and around the wood but never goes into the wood?,The bark on a tree.
What goes around the world and stays in a corner?,Stamp.
What goes around the world but stays in a corner?,Stamp.
What goes away as soon as you talk about it?,Silence.
What goes from new York to California without ever moving?,Highway.
What goes further the slower it goes?,Money.
What goes in a birdbath but never gets wet?,The bird's shadow.
What goes in the water black and comes out red?,Lobster.
What goes in the water red and comes out black?,Iron.
What goes inside boots and outside shoes?,Ankles.
What goes into the water black and come out red?,Lobster.
What goes into the water black and comes out red?,Lobster.
What goes round and round the wood but never goes in to the wood?,Bark.
What goes round and round the wood but never goes into the wood?,Bark.
What goes round the house and in the house but never touches the house?,Sun.
What goes through a door but never goes in or comes out?,A keyhole.
What goes through a door but never goes in. And never comes out?,Keyhole.
What goes through cities and fields but never moves?,A road.
What goes through the door without pinching itself? What sits on the stove without burning itself? What sits on the table and is not ashamed?,Sun.
What goes through towns and over hills but neer moves?,Roads.
What goes through towns and over hills but never moves?,Road.
What goes up and down but doesn’t move?,A staircase.
What goes up and down but doesn’t move?,Stairs.
What goes up and down but never moves?,The temperature.
What goes up and down the stairs without moving?,Carpet.
What goes up and down the stairs without moving?,Rug.
What goes up and down without moving?,Stairs.
What goes up and down without moving?,Temperature.
What goes up and never comes down and affects people?,Age.
What goes up but never comes back down?,Your age.
What goes up but never comes down?,Age.
What goes up but never goes down?,Your age.
What goes up the chimney down but can't go down the chimney up?,Umbrella.
What goes up when rain comes down?,Umbrella.
What goes up when the rain comes down?,Umbrella.
What goes uphill and downhill and always stays in the same place?,A road.
"what goes with a car, comes with a car, is no use to a car but the car cant move without it?",Noise.
What goes with a train and comes with a train and the train doesn't need it but can't go without it?,Noise.
What grows bigger The more you contract it?,Debt.
"what grows in winter, dies in summer and grows roots upward?",Icicle.
What grows up while growing down?,Goose.
What grows when fed but dies when watered?,Fire.
What hangs in the sky by day but at night goes away?,Sun.
"What happens every second, minute, month and century. But not every hour, week, year, or decade?",N.
"What happens four times in every week, twice every month and once in a year?",E.
"What happens once in a minute, twice in a moment but never in one thousand years?","The letter ""M""."
What happens when a giant walks through your garden?,All your vegetables turn to squash.
What happens when a snowman throws a tantrum?,He has a meltdown.
What happens when you cross a bulldog with a Plymouth Rock hen?,The hen lays pooched eggs.
"What has 1,000 legs and no feet?",500 pairs of pants.
What has 13 hearts but no other organs?,A deck of cards.
What has 13 hearts but none beat?,Cards.
What has 18 legs and catches flies?,A baseball team.
What has 2 banks but no money?,River.
What has 4 eyes but can't see?,Mississippi.
What has 4 eyes but cannot see?,Mississippi.
What has 88 keys but can't open a single door?,Piano.
What has a bed but never sleeps?,A river.
What has a bell but isn't a church. Is full of air but is not a balloon?,Trumpet.
What has a bottom at the top?,Legs.
What has a bottom at the top?,Your legs.
What has a bottom right at the top?,Leg.
"What has a brown coat, a long tail and lives in house or shed but most active while you're in bed?",Mouse.
What has a coat; Hugs you not in sympathy; Whose smile you'd rather not see; Whose stance is a terrible thing to see; Who is it that brave men run away from; Whose finders are clawed; Whose sleep lasts for months; And who's company we shunt?,Bear.
What has a face and two hands but no arms or legs?,Clock.
"What has a forest with no trees, lakes without water, roads with no cars and deserts with no sand?",Map.
"What has a green top, red on its belly, seeds on the outside and tastes great in jelly?",Strawberry.
What has a head and a tail but can never see its tail?,Coin.
What has a head and a tail but no body?,Coin.
What has a head and tail but no body?,A coin.
What has a head and tail but no limbs or body?,Coin.
What has a head but can't think. And has no limbs but can drive?,Hammer.
"What has a head but never weeps, has a bed but never sleeps, can run but never walks and has a bank but no money?",River.
What has a head but no brain?,A lettuce.
"What has a head but no eyes, nose or mouth?",Lettuce.
"What has a head, a tail, is brown and has no legs?",A penny.
"What has a head, a tail, is brown and has no legs?",Penny.
"What has a head, can't think but drives?",Hammer.
What has a horn but does not work?,Rhinoceros.
"What has a hundred limbs, sometimes leaves but cannot walk?",Tree.
What has a mouth but can't chew?,River.
What has a mouth but can’t chew?,River.
What has a mouth but can’t speak?,A river.
What has a mouth but never eats?,A river.
"What has a mouth, a bed and always runs?",A river.
"What has a neck and no head, two arms but no hands?",Shirt.
What has a neck but no head and arms but no hands?,A shirt.
What has a neck but no head and two arms but no hands?,Shirt.
What has a neck but no head and wears a cap?,Bottle.
What has a neck but no head?,Bottle.
What has a ring but no finger?,Phone.
What has a ring but no finger?,Telephone.
What has a ring but no fingers?,Telephone.
What has a single eye but cannot see?,Needle.
"What has a spine, tail and leash but isn't a dog?",Kite.
What has a thousand needles but cannot sew?,A porcupine.
What has a thumb and four fingers but is not a hand?,A glove.
What has a thumb and four fingers but is not alive?,A glove.
What has a thumb and four fingers but is not alive?,Glove.
"what has a tongue but cannot talk, gets around a lot but cannot walk?",Shoe.
What has a tongue but cannot talk?,A shoe.
What has a tongue but no mouth?,Shoe.
"What has a tongue, cannot walk but gets around a lot?",Shoe.
"What has an end but no beginning, a home but no family and a space without room?",Keyboard.
What has an eye but can't see and is stronger than any man?,Hurrican.
"What has armor but is not a knight, snaps but is not a twig and is always at home even on the move?",Turtle.
What has arms and legs but no head?,Chair.
What has ears but can't hear?,Corn.
What has every living person seen but will never see again?,Yesterday.
What has feet and legs and nothing else?,Stocking.
What has feet and legs and nothing else?,Stockings.
What has fingers and a thumb but no hand?,Glove.
What has four eyes but can’t see?,Mississippi.
What has four eyes but cannot see?,MISSISSIPPI.
What has four fingers and a thumb but isn’t alive?,A glove.
What has four fingers and one thumb but is not alive?,Glove.
what has four legs and a back but no body?,Chair.
What has four legs but can't walk?,Table.
What has four legs but can’t walk?,A table.
What has four legs but can’t walk?,Table.
What has four legs but cannot move without help?,Chair.
what has four legs but no feet and two arms but no hand?,Chair.
What has four legs during the day; and six or eight during the night?,Bed.
"What has four legs in the morning, two legs in the afternoon and three legs in the evening?",Man.
What has four wheels and flies?,A garbage truck.
What has four wings but cannot fly and uses the wind but does not know why?,Windmill.
"What has green hair, a round red head and a long thin white beard?",Radish.
What has hands and a face but can’t hold anything or smile?,A clock.
What has hands but can not clap?,Clock.
What has hands but can’t clap?,A clock.
What has hands but cannot write or clap?,A clock.
What has keys but can't open locks?,A piano.
What has legs but cannot walk?,A chair.
What has legs but doesn’t walk?,A table.
What has lots of eyes but can’t see?,A potato.
What has many ears but cannot hear?,Corn.
What has many eyes and never cries?,A potato.
What has many keys but can't even open a single door?,Piano.
What has many keys but can’t open a single lock?,A piano.
What has many keys but can’t open any doors?,A piano.
What has many keys but unlocks no doors?,Piano.
What has many needles but doesn’t sew?,A Christmas tree.
What has many rings but no fingers?,A telephone.
What has many teeth but can’t bite?,A comb.
What has more lives than a cat?,"A frog, because it croaks every day."
What has neither flesh nor bone but has fingers and a thumb?,A glove.
"What has no arms, hands, or legs but moves the earth?",Worm.
What has no beginning or end and nothing in the middle?,Doughnut.
"What has no beginning, end or middle?",Donut.
"What has no beginning, end or middle?",Doughnut.
"What has no beginning, end, or middle?",Doughnut.
What has no life but can still die?,Battery.
What has numbers on the outside but letters inside?,Mailbox.
What has one eye but can’t see?,A needle.
What has one eye but cannot see?,Needle.
What has one foot but no body?,Ruler.
What has one foot on each side and one in the middle?,A yardstick.
what has one foot on each side and one in the middle?,Yardstick.
What has one hand longer than the other and goes on all day and night?,Clock.
"What has one head, one foot and four legs?",A bed.
What has only two words but thousands of letters?,Post Office.
"What has roots as nobody sees, is taller than trees. Up, up it goes and yet never grows?",Mountain.
"What has roots that nobody sees, is taller than trees, Up, up it goes, Yet it never grows?",Mountain.
What has six faces and twenty-one eyes?,Die.
"What has skin of stone and tongue of wood, a belt of water and long as stood?",Castle.
"What has stripes and goes through the air? Hint: It sometimes goes on the ground, too?",A basketball.
What has teeth but no mouth?,Saw.
"What has the head of a cat, the tail of a cat—but is not a cat?",A kitten.
What has thirteen hearts But no body or soul?,Deck.
What has three feet But no arms or legs?,Yard.
What has to be broken before it can be used?,Egg.
What has to be broken before it can be used?,Eggs.
What has to be broken before you can eat it?,Egg.
What has to be broken before you can use it?,An egg.
What has to be broken before you can use it?,Egg.
What has two hands but no arms?,Clock.
"What has two hands, a round face, always runs but stays in place?",Clock.
What has two spines and a lot of ribs and carries much but never moves?,Train Tracks.
"What has weight in its belly and trees on its back, nails in it's ribs and a liquid track?",Boat.
"What has wings but can not fly. Is enclosed but can outside also lie. Can open itself up, or close itself away. Is the place of kings and queens and doggerel of every means. What is it upon which I stand? Which can lead us to different lands?",Stage.
What has words but never speaks?,A book.
What hatches without food?,Hunger.
What holds names and memories which are not its own?,Gravestone.
What holds two people together but touches only one?,Wedding Ring.
What holds water yet is full of holes?,Sponge.
What hole do you mend with holes?,Net.
"What I am filled, I can point the way. When I am empty. Nothing moves me. I have two skins. One without and one within?",Gloves.
"What I am visible to you, you cannot see me but when I am invisible, you long to see me. I am plenty with someone patient but all the more scarce with a hasty one. I am greater than all but still in the control of those who value my existence. Who am i?",Time.
What insect does a blacksmith manufacture?,Firefly.
What instrument can make any sound and be heard but not touched or seen?,Voice.
What instrument can make any sound and be heart but not touched or seen?,Voice.
What instrument can make any sound but not be seen or touched?,Voice.
What instrument can you hear but never see?,Voice.
What instrument can you hear but not touch or see?,Voice.
What invention lets you look right through a wall?,A window.
What invention lets you look right through a wall?,Window.
What is 2+2? What is 4+4? What is 8+8? What is 16+16? Pick a number between 12 and 5?,Seven.
"What is 3/7 chicken, 2/3 cat and 2/4 goat?",Chicago.
What is a bunny's favorite music?,Hip Hop.
What is a bunny’s favorite type of music?,Hip-hop.
What is a cat on ice?,Cool Cat.
What is a foot long and slippery?,Slipper.
What is a frog’s favorite game?,Leapfrog.
What is a monster’s favorite dessert?,I-Scream.
What is a rabbit’s favorite dance?,The bunny hop.
What is a reptile's favorite drink?,Gator-ade.
What is a tree’s favorite drink?,Root beer.
What is a turkey’s least favorite holiday?,Thanksgiving.
What is a vampire’s favorite fruit?,A blood orange.
What is a witch's favorite school subject?,Spelling.
What is a witch’s favorite school subject?,Spelling.
What is all over the house?,Roof.
What is always coming but never arrives?,Tomorrow.
What is always coming but never really arrives?,Tomorrow.
What is always coming Every day but never arrives Until the next?,Tomorrow.
What is always in front of you but can’t be seen?,The future.
What is always on the dinner table but you cannot eat it?,"A plate. (Or a fork, etc.)"
"What is always right in front of you, yet you cannot see it?",The future.
What is always wet but never rusts and often held but mostly untouched?,Tongue.
What is an acceptable act of violence during saint Patrick's day?,Pinch.
What is an alien's favorite sport?,Spaceball.
What is an aliens favorite sport?,Spaceball.
What is an aliens favourite sport?,Spaceball.
What is an astronaut’s favorite part on a computer?,The space bar.
What is an astronaut's favorite snack?,Space Chips.
What is as big as a hippo but weighs nothing at all?,A hippo's shadow.
What is as big as you are and yet does not weigh anything?,Shadow.
What is as big as you are and yet does not weight anything?,Shadow.
What is as large as a mountain or small as a pea and endlessly swims in a waterless sea?,Asteroid.
What is as light as a feather but even the world's strongest man couldn't hold it for more than a minute?,Breath.
What is as light as a feather but even the world’s strongest man couldn’t hold it for more than a minute?,His breath.
What is as light as a feather but not even the strongest man in the world can hold it for more than a few minutes?,Air.
What is at the end of a rainbow?,LetterW.
What is at the end of a rainbow?,"The letter ""w."""
What is at the end of a rainbow?,W.
What is at the end of dinner?,The letter R.
What is better than the best thing and worse than the worst thing?,Nothing.
What is between heaven and earth?,And.
What is big and yellow and comes in the morning to brighten mom's day?,School Bus.
"What is big and yellow and comes in the morning, to brigten mom’s day?",School Bus.
What is black and white and has 16 wheels?,A zebra on roller skates.
What is black and white and read all over?,Newspaper.
What is black when it is clean and white when it is dirty?,Blackboard.
What is black when it’s clean and white when it’s dirty?,A chalkboard.
"What is black when you buy it, red when you use it and gray when you throw it away?",Charcoal.
"What is black when you buy it, red when you use it and white when you are done with it?",Charcoal.
"What is born long, dies short and spends its life leaving a trail?",Pencil.
"What is born on the ground but floats to the sky, to be returned back again from the clouds up high?",Rain.
What is bought by the yard and worn by the foot?,Carpet.
What is brown and has a head and a tail but no legs?,Penny.
What is brown and sticky?,Stick.
"What is brown, has a head and a tail. But no legs?",Penny.
What is common to eat before it's born and after it's dead?,Chicken.
What is cut on a table but is never eaten?,A deck of cards.
"What is deep within you, never dies or gets worn out and only needs some fire from time to time?",Soul.
What is drawn by everyone without pen or pencil?,Breath.
What is easier to get into than out of?,Trouble.
What is easy to get into and hard to get out of?,Trouble.
What is easy to get into but hard to get out of?,Trouble.
What is eaten but not grown and was born in water but will disappear if soaked?,Salt.
"What is eaten by man, served among many, grown by many and white as snow?",Rice.
What is everything doing at the same time?,Growing older.
"What is fast, loud and crunchy?",A rocket chip.
"What is filled every morning and emptied every night, except once a year when it is filled at night and emptied in the morning?",A stocking.
"What is filled with air and sometimes a gas, tied to a string and often seen on your birthday?",Balloon.
"What is flat, usually square and made from trees but isn't wood?",Paper.
What is found in the woods and if you're not careful can become part of your skin?,Sliver.
"What is found once in a second, once in a minute, twice in a millennium but never in a year?",N.
What is found over your head but under your hat?,Hair.
What is full of holes and still holds water?,A sponge.
What is full of holes but can still hold a lot of water?,Sponge.
What is full of holes but holds water?,A sponge.
What is full of holes but still holds water?,A sponge.
What is full of holes but still holds water?,Sponge.
What is gentle enough to soothe the skin and light enough to exist in the sky but strong enough to break rocks?,Water.
"What is gray, has four legs, big ears, a tail and a trunk?",A mouse going on vacation.
"What is greater than god but more evil than the devil? The rich need it but the poor already have it. If you eat it, you will die?",Nothing.
"What is green, has four legs, no tail and usually heard at night?",Frog.
What is half of two plus two?,Three.
What is harder to catch the faster you run?,Breath.
What is harder to catch the faster you run?,Your Breath.
What is heavy forward but not backward?,Ton.
What is higher without the head than with it?,Pillow.
"What is higher without the head, than with it?",Pillow.
"What is in seasons, seconds, centuries and minutes but not in decades, years or days?",N.
"What is in seasons, seconds, centuries and minutes but not in decades, years or days?",The letter N.
"What is in seasons, seconds, centuries and minutes but not in decades, years, or days?",The letter N.
What is in your body for free the first and the second time but the third time you have to buy yourself?,Teeth.
What is is that you will break every time you name it?,Silence.
"What is it that after you take away the whole, some still remains?",Wholesome.
"What is it that given one, you'll have either two or none?",Choice.
"What is it that given one, you’ll have either two or none?",Choice.
What is it that has a power socket on one end and a corkscrew on the other?,Pig.
"What is it that has four legs, one head and a foot?",Bed.
What is it that Indiana jones likes to crack?,Whip.
What is it that makes tears without sorrow. And takes its journey to heaven?,Smoke.
What is it that makes tears without sorrow. And takes its journey to heaven? What am I?,Smoke.
"What is it that no man ever saw, which never was but always will be?",Tomorrow.
"What is it that no man ever yet did see, which never was but always is to be?",Tomorrow.
"What is it that was given to you, belongs only to you. And yet your friends use it more than you do?",Name.
What is it that you can keep after giving it to someone else?,Your Word.
What is it that you must give before you can keep it?,Word.
What is it that you ought to keep after you have given it to someone else?,Promise.
What is it that you will break even when you name it?,Silence.
What is it the more you take away the larger it becomes?,Hole.
"What is it which builds things up? Lays mountains low? Dries up lakes and makes things grow? Cares not a whim about your passing? And is like few other things, because it is everlasting?",Time.
What is light enough to float but will stay in a pack and may save your life if its on your back?,Parachute.
What is lighter than air but can never be lifted?,Bubble.
What is lighter than what it is made of?,Ice.
What is long and filled with seamen?,Submarine.
"What is long and slim, works in light; has but one eye and an awful bite?",Needle.
"What is long and slim, works in light. Has but one eye and an awful bite?",Needle.
"What is long, pink and wet and is rude to pull out in front of people?",Tongue.
What is lost and never found again?,Time.
What is made of water but if you put it into water it vanishes?,An ice cube.
What is made of water but if you put it into water it will die?,An ice cube.
What is made of wood and metal and must be buried before it works?,Shovel.
What is made of wood but can't be sawed?,Sawdust.
What is made of wood but can’t be sawed?,Sawdust.
What is never eaten before lunch?,Dinner.
What is never thirsty but always drinking and alive but never breathing?,Fish.
What is not a ball but yet a sphere and holds all lands and people year after year?,Earth.
What is often returned but never borrowed/?,Thanks.
What is orange and sounds like a parrot?,Carrot.
"What is orange in color, green on top and sounds like a parrot?",A carrot.
"What is part of you and all around you but if it entangles you, it will kill you?",Water.
What is probably the most famous dinner party in history?,Last Supper.
"What is pronounced as one letter, written with three and is the same forwards and backwards?",Eye.
"What is pronounced like one letter, written with three letters. And belongs to all animals?",Eye.
"What is put on a table, cut but never eaten?",Cards.
"What is put on a table, cut but never eaten?",Deck.
"What is red and blue, purple and green? No one can reach it, not even the queen?",Rainbow.
What is red but it smells like a blue paint?,Red Paint.
"What is red, blue, purple and green that no one can reach, not even the queen?",Rainbow.
"What is round as a dishpan, deep as a tub and still the oceans couldn't fill it up?",Sieve.
What is round on both ends and HI in the middle?,Ohio.
What is round on both sides but high in the middle?,Ohio.
"What is round, has a twin and sees more than most?",Eye.
What is Santa's favorite entrance for home invasion?,Chimney.
What is Saturn's favorite day of the week?,Saturnday.
What is seen in the water and in the sky? It is part of the rainbow and can be in your eye?,Blue.
What is so brittle that even to name it is to break it?,Silence.
What is so delicate that saying its name breaks it?,Silence.
What is so fragile that saying its name breaks it?,Silence.
What is something that can go up quite easily but is not as easy to bring back down?,Weight.
What is something yet nothing but if you fill it up it will disappear?,Hole.
What is something you can hold without ever touching?,Breath.
What is something you can put in your pocket that keeps it empty?,A large hole.
What is taken from you before you get it?,Your picture.
What is that over the head and under the hat?,Hair.
What is that we often return and never borrow?,Thanks.
"What is that which goes with a car, comes with a car, is of no use to a car and yet the car cannot go without it?",Noise.
What is that which is bought by the yard and worn by the foot?,Carpet.
"What is that which, though black itself, enlightens the world without burning?",Ink.
"What is that which, while it lives, constantly changes its habit, that is buried before it is dead and whose tomb is valued wherever it is found?",Silkworm.
What is that you will break every time you name it?,Silence.
What is that you will break everytime you name it?,Silence.
What is the best and cheapest light?,Daylight.
What is the best thing to take before singing?,A breath.
What is the center of gravity?,V.
What is the delicious way of presenting numbers?,Pie Chart.
What is the difference between a coat and a baby?,"The one you wear, the other you were."
What is the difference between a greyhound and a locomotive?,One is trained to run and the other runs a train.
What is the difference between a howling wind and an umbrella?,You can shut an umbrella up.
What is the difference between a tuna fish and a piano?,You can’t tune a fish.
What is the difference between fog and a falling star?,One is mist on earth and the other is missed in heaven.
What is the difference between the North Pole and the South Pole?,All the difference in the world.
What is the difference between twice twenty-two and twice two and twenty?,"One is 44, the other 24."
What is the end of everything?,G.
What is the end of everything?,"The letter ""g""."
What is the ending of all that begins?,Death.
What is the first thing A gardener plants in the garden?,Foot.
What is the funniest species of fish in the sea?,The clownfish.
What is the hardest kind of bean to raise on a farm?,Jelly beans.
What is the hardest thing about learning to ride a bicycle?,The pavement.
What is the highest building in your city?,The library has the most stories.
What is the largest living ant on earth?,Elephant.
What is the largest rope in the world?,Europe.
What is the last thing you take off before going to bed?,Your feet from the floor.
What is the middle of nowhere?,H.
What is the middle of water but is not an island?,T.
What is the most difficult train to catch?,"The 12:50, because it’s 10 to one if you catch it."
What is the most moral musical instrument?,An upright piano.
What is the most warlike nation?,"Vacci-nation, because it is always in arms."
What is the only animal without the ability to fly but still does?,Man.
What is the only chain we can eat?,Food Chain.
What is the richest nut?,A cash-ew.
What is the saddest fruit?,Blueberry.
What is the smallest bridge in the world?,The bridge of your nose.
What is the surest way to keep water from getting into your house?,Don’t pay your water bill.
What is the surname of the pilot of the millennium falcon?,Solo.
What is the thing that stays the same size but the more it's used the more it decreases?,Iron.
"What is the thing which, once poured out, cannot be gathered again?",Rain.
What is the word that even in plain sight remains hidden?,Hidden.
What is there more of the less you see?,Darkness.
"What is this Mexican dish consisting of a fried folded tortilla, filled with various mixtures, such as seasoned meat, beans, lettuce and tomato?",Taco.
"What is this Mexican dish consisting of a tortilla rolled around a filling, typically of beans or ground or shredded beef?",Burrito.
"What is too much for one, enough for two but nothing at all for three?",A secret.
"What is unwanted and eternal, though for some people and escape?",Death.
"What is used by man, tossed by trees, everywhere but unseen?",Air.
What is used to yell in a text?,Caps.
What is yours but mostly used by others?,Your name.
What is yours but your friends use it more than you do?,YourName.
What job did the frog have at the hotel?,Bellhop.
What jumps when it walks and sits when it stands?,A kangaroo.
What jumps when it walks And sits when it stands?,Kangaroo.
What keeps things green and keeps kids occupied in the summertime?,Sprinkler.
What keeps things green and keeps the kids occupied in the summer time?,Sprinkler.
What key is the hardest to turn?,Donkey.
What kind of a dot can dance?,A polka dot.
What kind of a nut has a hole?,Donut.
What kind of apple has a short temper?,Crabapple.
What kind of apples do computers prefer?,Macintosh.
What kind of ball doesn’t bounce?,A snowball.
What kind of band never plays music?,A rubber band.
What kind of cake does a mouse eat on its birthday?,Cheesecake.
What kind of car does an egg drive?,A yolkswagen.
What kind of cheese is made backwards?,Edam.
What kind of cheese is made backwards?,"Edam. Made is M-A-D-E, Edam is E-D-A-M, or ""made"" backwards."
What kind of cheese isn’t yours?,Nacho cheese.
What kind of coat can be put on only when wet?,A coat of paint.
What kind of coat can be put on only when wet?,Paint.
What kind of coat is best put on wet?,A coat of paint.
What kind of coat is best put on wet?,Paint.
What kind of cookie is a chocolate sandwich cookie with a creamy white filling?,Oreo.
What kind of cup doesn't hold water?,Cupcake.
What kind of cup doesn’t hold water?,A cupcake.
What kind of cup doesn’t hold water?,Cupcake or hiccup.
What kind of dog can tell time?,A watchdog.
What kind of dog chases anything red?,Bulldog.
What kind of dog has no tail?,Hot Dog.
What kind of dog keeps the best time?,Watchdog.
What kind of ears do engines have?,Engineers.
What kind of fish chases a mouse?,Catfish.
What kind of foods are the most fun at parties?,Fungi.
What kind of lion never roars?,A dandelion.
What kind of lion never roars?,A sea lion.
What kind of money do vampires use?,Bloodmoney.
What kind of nail can be grown?,Fingernail.
What kind of noise does Santa's reindeers make?,Jingle.
What kind of nut is empty at the center and has no shell?,Doughnut.
What kind of paper tells you who you are?,Tissue (‘tis you).
What kind of pet always stays on the floor?,Carpet.
What kind of pie looks the best?,A Q-T pie.
What kind of room has no doors or windows?,A mushroom.
What kind of room has no doors or windows?,Mushroom.
What kind of room has no walls or corners?,A mushroom.
What kind of room has no windows or doors?,Mushroom.
What kind of ship has two mates but no captain?,A relationship.
What kind of shoes are made of banana skins?,Slippers.
What kind of shoes can you make out of banana peels?,Slippers.
What kind of soda must you not drink?,Baking soda.
What kind of table has no legs?,Periodic.
What kind of tea is hard to swallow?,Reality.
What kind of train has a head cold?,Achoo achoo train.
What kind of tree can you carry in your hand?,A palm.
What kind of tree can you carry in your hand?,Palm.
What kind of tree can you hold in your hand?,A palm tree.
What kinds of stones are never found in the ocean?,Stones that are dry.
"What king can you make if you take the head of a lamb, the middle of a pig, the hind of a buffalo and the tail of a dragon?",Lion.
what leaps one time out of four?,Year.
What letter in the Dutch alphabet will name a titled lady?,Dutch-S.
What letter of the alphabet is a question?,Y.
What letter of the alphabet is the opposite of me?,U.
What lies in a tunnel of darkness. That can only attack when pulled back?,Bullet.
"What lies in bed and stands in bed, first white then red. The plumber it gets, the better the old woman likes it?",Strawberry.
"What lies in bed and stands in bed, first white then red. The plumper it gets, the better the old woman likes it?",Strawberry.
What lights up a soccer stadium?,A soccer match.
What liquid can contain the soul?,Ink.
What lives where it can breathe and has a hole in its back?,Whale.
What looks back but cannot see?,Reflection.
What loses its head every morning and gets it back every night?,Pillow.
what loses its head every morning only to get it back every night?,Pillow.
What loses its head in the morning and gets it back at night?,A pillow.
What loses its head in the morning and gets it back at night?,Pillow.
What loses its head in the morning but gets it back at night?,Pillow.
What makes a loud noise when changing its jacket and get larger in the process but weighs less after?,Popcorn.
"What makes a loud noise when changing its jacket, becomes larger but weighs less?",Popcorn.
What makes a loud noise when changing its jacket. Becomes larger but weighs less?,Popcorn.
What makes a pair of shoes?,Two shoes.
What makes a road broad?,The letter b.
What makes leaping off a bridge fun?,Bungee.
What makes my left hand my right?,Mirror.
What measures out time. Until in time all is smashed to it?,Sand.
What month of the year has 28 days?,All of them.
What moves across the land but never has to steer? It has delivered our goods year after year. What is it?,Train.
What must be in the oven yet can not be baked? Grows in the heat yet shuns the light of day? What sinks in water but rises with air? Looks like skin but is fine as hair?,Yeast.
What must be looked through in order to see?,Glasses.
what must take a bow before it can speak?,Violin.
What must you add to nine to make it six?,S (S + IX = six).
What nation always wins?,Determi-nation.
What nation do people dread?,Condem-nation.
What nautical word looks the same upside down and backwards?,Swims.
What needs to be broken before you can use it?,An egg.
What needs to be taken from you Before you have it?,Picture.
What never asks questions but is often answered?,A doorbell.
What never asks questions but receives a lot of answers?,Telephone.
What never uses its teeth for eating?,A comb.
What number has all letters in alphabetical order when spelled out?,Forty.
What number is odd until you take away one letter; then it becomes even?,Seven.
"What object has keys that open no lock, space but no room and you can enter but not go in?",Keyboard.
"What object has keys that open no locks, space but no room and you can enter but not go in?",Keyboard.
"What occurs four times in every week, twice in every month, only once in a year but never in a day?",E.
"What occurs once in a minute, twice in a moment and never in one thousand years?",LetterM.
"What occurs once in every minute, twice in every moment, yet never in a thousand years?",M.
"What occurs twice in a moment, once in a minute and never in a thousand years?",The letter M.
What odd number becomes even when beheaded?,Seven.
What part of a fish weights most?,Scales.
What part of London is in France?,The letter N.
What pen should never be used for writing?,A pig pen.
What pets make the sweetest music?,Trumpets.
What plant stands for four?,Ivy (IV).
What points the way without a hand. It floats on water but exists on land?,Compass.
"What question can never be answered with a ""Yes""?",Are you asleep?
What question can you never answer yes to?,Are you asleep yet?
What rains at the north pole?,Reindeer.
What relation is that child to its father who is not its father’s own son?,His daughter.
What relies on columns but isn't a house and asks for help but can't speak itself?,Newspaper.
What room can no one enter?,A mushroom.
What room do ghosts avoid?,The living room.
What room has no windows or doors?,Mushroom.
"What runs all around a backyard, yet never moves?",A fence.
What runs around a house but doesn't move?,Fence.
What runs around all day. Then lies under the bed. With its tongue hanging out?,Shoe.
"What runs but cannot walk, has a mouth but no teeth and has a bed but cannot sleep?",A river.
What runs but cannot walk?,Nose.
What runs but never gets tired?,A water faucet.
"What runs distances and make many turns along the way, yet it never moves one foot?",Watch.
What scientists might call your pooch?,Canine.
What screams when put in a pot of boiling water?,Lobster.
"What sentence did Adam use when he introduced himself to Eve, which reads the same backward and forward?","Madam, I’m Adam."
What seven letter word becomes longer when the third letter is removed?,Lounger.
What seven-letter word has hundreds of letters in it?,Mailbox.
What shoes should you wear when your basement is flooded?,Pumps.
What should a man know before trying to teach a dog?,More than the dog.
What should you do if you catch a dog eating your dictionary?,Take the words right out of his mouth.
What should you keep after giving?,Your Word.
What sits at the bottom of the sea and twitches?,A nervous wreck.
What sits in a corner while traveling all around the world?,Stamp.
What smells the most in a candle store?,Your nose.
What smells the most in the kitchen?,Nose.
What social events do spiders love to attend?,Webbings.
What speeds on a track but isn't in a race and has a whistle to announce its steady pace?,Train.
What sphinxes employ and players enjoy?,Riddle.
What starts out in a field and then crashed on a stone. It becomes much more when to the fire it's thrown?,Bread.
What starts with a 'P' and ends with an 'E' and has thousands of letters?,Post Office.
What starts with a 'p' ends with an 'e' and has thousands of letters?,Post Office.
"What starts with a 'T', ends with a 'T' and has T in it?",Teapot.
"What starts with a ""P’, ends with an ""E"" and has thousands of letters?",Post Office.
"What starts with a ""T"", ends with a ""T"" and has T in it?",Teapot.
"What starts with a P, ends with an E and has thousands of letters?",Post office.
"What starts with a P, ends with an E and has thousands of letters?",The Post Office.
What starts with and ends with e but only has one letter in it?,Envelope.
"What starts with T, ends with T and has T in it?",Teapot.
"What starts with the letter T, is filled with T and ends in T?",A teapot.
"What starts with the letter T, is filled with T and ends in T?",Teapot.
What state is round at both ends and high in the middle?,OHIO.
"What state is round on one side, high in the middle and round on the other side?",Ohio.
What stays on the ground but never gets dirty?,Shadow.
What stays the same size no matter how much they weight?,Scales.
What suits do lawyers wear?,Lawsuits.
What superhero is terrible at their job because they always get lost and are late?,Wander Woman.
"What surrounds everyplace, is the beginning of the end and the end of time and space?",E.
What surrounds the world yet exists in a thimble?,Space.
"What surrounds the world, yet dwells within a thimble?",Space.
What table has no legs to stand on?,A multiplication table.
What tastes better than it smells?,Your tongue.
"What three numbers, none of which is zero, give the same result whether they’re added or multiplied?","One, two and three."
What three-letter word is a mousetrap?,Cat.
What time did the tooth fairy show up to get a kid’s tooth and leave a dollar under the pillow?,"Exactly TWOoth o"" clock."
"What time of day, when written in a capital letters, is the same forwards, backwards and upside down?",Noon.
"What time of day, when written in capital letters, is the same forwards, backwards and upside down?",Noon.
What time of the day was Adam created?,Just a little before Eve.
What traps a star in its belly but can be held in your hand?,Apple.
What travels around the world but stays in one spot?,A stamp.
What travels from coast to coast without ever moving?,Highway.
What travels from house to house and is sometimes narrow and sometimes wide but always stays outside?,Path.
What trembles at each breath of air but can bear the heaviest burdens?,Water.
What tune makes everybody glad?,Fortune.
What turns everything around but does not move?,Mirror.
What turns from red to black as soon as it touches water?,Ember.
What two things can never be eaten for breakfast?,Lunch and dinner.
What two things can you never eat for breakfast?,Lunch and dinner.
What two things can you never have for breakfast?,Lunch and Dinner.
What type of bow can never be tied?,Rainbow.
What type of cheese is made backward?,Edam.
What type of cheese is made backwards?,Edam.
What type of dog is the most athletic?,Boxers.
What type of drink is usually added to cereal in the morning?,Milk.
What type of house weighs the least?,Lighthouse.
What type of sandals do frogs wear?,Open-toad.
"What types of words are these: Madam, civic, eye, level?",Palindrome.
"What vegetable is never sold canned, frozen, or cooked, only fresh?",Lettuce.
What vegetable is unpopular on a ship?,A leek (leak).
What vehicle is spelled the same backwards and forwards?,Racecar.
"What walks on 4 legs when young, 2 when grown and 3 when old?",Man.
What was the difference between Noah’s ark and Joan of Arc?,One was made of wood and the other was Maid of Orleans.
What was the largest island before Australia was discovered?,Australia was always the largest.
"What was was, before was was was?",Is.
What weakens a man for hours each day and presents you strange visions while you're away?,Sleep.
What wears a coat in the winter and pants in the summer?,Dog.
"What weeps without eyes or eyelids, her tears rejoicing sons and fathers; and when she laughs and no tears fall, her laughter saddens all hearts?",Cloud.
What were the colors of the wind and the waves in a storm?,The wind blew (blue) and the waves rose.
What will be yesterday but was tomorrow?,Today.
What won't break if you throw it off The highest building in the world but will break if you place it In the ocean?,Tissue.
"What word , when written in capital letters, is the same forwards, backwards and upside down?",Noon.
What word becomes shorter when a syllable is added to it?,The word short.
What word becomes shorter when you add two letters to it?,Short.
"What word begins and ends with an ""E"" but only has one letter?",Envelope.
What word begins and ends with an E but only has one letter?,Envelope (there's an 'e' at the start and end of the word and an envelope contains a letter).
What word begins and ends with the E but only has one letter?,Envelope.
What word begins with E and ends with E but only has one letter?,Envelope.
"what word can be written forward, backward or upside down?",Noon.
What word contains 26 letters but only has three syllables?,Alphabet.
what word contains all 26 letter?,Alphabet.
What word contains all of the twenty six letters?,Alphabet.
What word has five letters but sounds like it only has one?,Queue.
"What word has kst in the middle, in the beginning and at the end?",Inkstand.
What word has three syllables and twenty six letters?,Alphabet.
"What word in the English language does the following: The first two letters signify a male, the first three letters signify a female, the first four letters signify a great, while the entire world signifies a great woman. What is the word?",Heroine.
What word In the English language is always spelled wrong?,Wrong.
What word is always pronounced wrong?,Wrong.
What word is pronounced the same even after removing 4 of its 5 letters?,Queue.
What word is pronounced the same if you take away four of its five letters?,Queue.
"What word is that, which, deprived of its first letter, leaves you sick?",Music.
"What word is the same written forward, backward and upside down?",Noon.
What word looks the same upside down and backwards?,Swims.
What word of five letters has one left when two are removed?,Stone.
What word of five letters has only one left when two letters are removed?,Stone.
"What word starts with 'E', ends with 'E' but only has one letter? It is not the letter 'E'?",Envelope.
"What word starts with ""E"", ends with ""E"" but only has one letter? It is not the letter ""E""?",Envelope.
"What word will, if you take away the first letter, make you sick?",Music.
"What word, by changing a single letter, becomes its own opposite?",United (untied).
What work of writing can one never finish?,Autobiography.
What would bears be without bees?,Ears.
What would you find in the middle of Toronto?,"The letter ""o."""
What would you find in the middle of Toronto?,"The letter ""o""."
What you become during a workout?,Sweaty.
What you do to determine the length of something?,Measure.
What you make after you've weighed your options?,Decision.
"What zips through the sky with a tail of fire and dust. It could be an omen, its origin to discuss?",Comet.
"What’s 102 stories high, wears a black cape and has very sharp teeth?",The vampire state building.
What’s a cat’s favorite dessert?,A bowl full of mice-cream.
What’s a cat’s favorite dessert?,Mice pudding.
What's an insect's favourite sport?,Cricket.
What’s as big as an elephant but weighs nothing?,The elephant’s shadow.
What's at the head of an elephant and at the tail of a squirrel?,EL.
What’s black and white and read all over?,A newspaper.
"What’s black in the morning, red in the afternoon and white at night?",Coal.
"What's black when get it, red when you use it and white when you're all through with it?",Charcoal.
"What's black when you get it, red when you use it and white when you're all through with it?",Charcoal.
"What’s black, white and blue?",A sad zebra.
What’s bright orange with green on top and sounds like a parrot?,A carrot.
What’s brown and sticky?,A stick.
What’s Forrest Gump’s password?,1forrest1.
What's full of holes but still holds water?,A sponge.
What's higher than the king?,Crown.
What's in the middle of nowhere?,H.
"What's large on Saturday and Sunday. Small on Tuesday, Wednesday and Thursday and disappears on Monday and Friday?",S.
What’s orange and sounds like a carrot?,A parrot.
What's orange and sounds like a parrot?,A carrot.
What’s really easy to get into and hard to get out of?,Trouble.
What’s red and bad for your teeth?,A brick.
What’s small and red and has a rough voice?,A hoarse radish.
"What's something that, the more you take, the more you leave behind?",Footsteps.
What’s the best present for a deaf goldfish?,A herring aid.
What’s the best thing about Switzerland?,I don’t know but the flag is a big plus.
What's the best time to go to the dentist?,Tooth-hurty.
What’s the best way to catch a fish?,Have someone throw it to you.
What’s the capital of France?,"The letter ""F."" It's the only capital letter in France."
What’s the capital of France?,"The letter ""F."" It’s the only capital letter in France."
What’s the difference between a nickel and a penny?,Four cents.
What’s the difference between a poorly dressed man on a tricycle and a well-dressed man on a bicycle?,Attire.
What's the difference between here and there?,T.
What’s the difference between here and there?,T.
What’s the easiest way to double your money?,Fold it.
What’s the first thing that happens when a boy jumps in the lake?,He gets wet.
What’s the last thing you do before you go to sleep?,Close your eyes.
What’s the longest word in the dictionary?,Smiles. There is a mile between the first and last letters.
What’s the most dangerous letter in the alphabet?,The killer B.
What’s the one coat that should always be put on when it’s wet?,A coat of paint.
What’s the one thing your right can hold but the left hand cannot?,Your left elbow.
What’s the worst season of the year for tightrope walkers?,The fall.
When 12 of your peers can't agree?,HungJury.
When a doctor hits you with a hammer he is testing this?,Reflex.
When a doctor hits you with a hammer he is testing you this?,Reflex.
When a professor's brain goes missing?,Absent.
When are cooks mean?,When they beat the eggs and whip the cream.
When are houses like books?,When they have stories.
When are words musical?,When they have a ring to them.
"When asked how old she was, suzie replied, ""in two years I will be twice as old as I was five years ago."" How old is she?",Twelve.
"When asked how old she was, Suzie replied, ""In two years I will be twise as old as I was five years ago."" How old is she?",Twelve.
When do computers overheat?,When they need to vent.
When does a duck wake up?,At the quack of dawn.
When does a public speaker steal lumber?,When he takes the floor.
When does a ship fool you?,When it lies at the wharf.
When everyone stares at clocks and then starts smooching?,NewYears.
When filled I can point the way. But when empty unmoving I stay. What am I?,Glove.
"When Grant was 8, his brother was half his age. Now, Grant is 14. How old is his brother?",His brother is 10.
"When Grant was 8, his brother was half his age. Now, Grant is How old is his brother?","His brother is Half of 8 is 4, so Grant’s brother is 4 years younger. This means when Grant is 14, his brother is still 4 years younger, so he’s 10."
"When I am caught, I am thrown away. When I escape, you itch all day. What am I?",Flea.
"When I am visible to you, you cannot see me but when I am invisible, you long to see me. I am plenty with someone patient but all the more scarce with a hasty one. I am greater than all but still in the control of those who value my existence. Who am I?",Time.
"When I come in, from sea to shore, twenty paces you'll see, No less, no more. What am I?",Fog.
When I get closer my tail grows longer but when I go away my tail leads the way?,Comet.
When I get closer my tail grows longer but when I go away my tail leads the way. What am I?,Comet.
"When I live I cry, If you don't kill me I'll die?",Candle.
"When I live I cry, if you don't kill me I'll die. What am I?",Candle.
"When I point up, it's bright. When I point down, it's dark. What am I?",Light Switch.
"When I take five and add six. I get eleven but when I take six and add seven, I get one. What am I?",Clock.
"When I take off my clothes, it puts on its clothes. What I put on my clothes, it takes off its clothes. What is it?",Clothes Hanger.
When I type I tap these on the keys?,FingerTips.
When I'm born I fly. When I'm alive I lay. When I'm dead I run?,Snow.
"When I’m metal or wood, I help you get home. When I’m flesh and I’m blood, In the darkness I roam?",Bat.
"When I'm metal or wood, I help you get home. When I'm flesh and I'm blood. In the darkness I roam?",Bat.
"When I’m ripe, I’m green, when you eat me, I’m red and when you spit me out, I’m black. What am I?",A watermelon.
"When is ""L"" greater than ""XL""?",When you use Roman numerals.
When is a blue book not a blue book?,When it’s read (red).
When is a chair like a dress?,When it is sat-in.
When is a door not a door?,When it’s ajar.
When is a pig like ink?,When you put it in a pen.
When is a sheepdog most likely to go into a house?,When the door is open.
When is an altered dress like a secret?,When it is let out.
When is it right to lie?,When you are in bed.
When is music like vegetables?,When there are two beats (beets) to the measure.
When is the worst time to build a snowman?,Summertime.
"When it comes in, From sea to shore, Twenty paces you'll see, No less, no more?",Fog.
"When it comes to me, you go on red and stops on green. What am I?",Watermelon.
"When it shines, its light is hazy. Makes the oceans swell like crazy. It makes moods seem more romantic but it makes the ladies frantic?",Moon.
When it's dirty this should never be aired in public?,Laundry.
"When kings, queens knights and bishops go to war?",Chess.
"When life gives you these, make a refreshing beverage?",Lemon.
"When life gives you these, make a refreshing beverage?",Lemons.
"When liquid splashes me, none seeps through. When I am moved a lot, liquid I spew. When I am hit, color I change. And color, I come in quite a range. What I cover is very complex and I am very easy to flex?",Skin.
"When one does not know what it is, then it is something; But when one knows that it is, then it is nothing?",Riddle.
"When one does not know what it is, then it is something; but when one knows what it is, then it is nothing?",Riddle.
"When people come for me to meet, they come to me with heavy feet. The one I hold, when I get my chance, will turn and spin and start to dance?",Gallows.
When put in a pot of boiling water they scream?,Lobster.
When set loose I fly away. Never so cursed as when I go astray?,Fart.
When set loose I fly away. Never so cursed as when I go astray. What am I?,Fart.
"When set loose, I fly away. Never so cursed as when I go astray. What am I?",Fart.
"When set loose, I fly away. Never so cursed, as when I go astray. What am I?",Fart.
When should a baker quit making doughnuts?,When he gets sick of the hole business.
"When someone uses this acronym, you know you've got to pick up the pace?",ASAP.
When something has been cut with h2o?,Diluted.
"When the day after tomorrow is yesterday, today will be as far from Wednesday as today was from Wednesday when the day before yesterday was tomorrow. What is the day after this day?",Thursday.
When the day after tomorrow is yesterday. Today will be as far from Wednesday. As today was from Wednesday. When the day before yesterday was tomorrow. What is the day after this day?,Thursday.
When the horse strokes the cat the wood begins to sing?,Violin.
When there is fire in me then I am still cold. When I own your true love’s face then you will not see me. To all things I give no more than I am given. In time I may have all things and yet I can keep nothing?,Mirror.
When they are caught they are thrown away when they escape you itch What am I?,Fleas.
"When they are caught, they are thrown away. When they escape, you itch all day?",Fleas.
"When they are caught, they are thrown away. When they escape, you itch all day. What are they?",Fleas.
"When things go wrong, what can you always count on?",Your fingers.
When this is found in a road you are forced to make a decision?,Fork.
When we stand up it lies flat. When we lie back it stands up?,Foot.
When you are a child you are forced to take them. When you are an adult you want to take them?,Naps.
"When you are inside me, you will be encouraged to slam other cars. What am I?",Bumper Cars.
"When you find this in a road, you will not use it to eat but will be forced to make a decision?",Fork.
"When you have me, you feel like sharing me. But, if you do share me, you don't have me. What am I?",Secret.
"When you have me, you feel like sharing me. But, if you do share me, you don’t have me. What am I?",Secret.
"When you know me, I am nothing. What you don't know me, I am something. What am I?",Riddle.
"When you stop and look, you can always see me. If you try to touch, you cannot feel me. I cannot move but as you near me, I will move away from you?",Horizon.
"When you stop and look, you can always see me. If you try to touch, you cannot feel me. I cannot move but as you near me, I will move away from you. What am I?",Horizon.
"When you take away the whole from me, there is always some left. What am I?",Wholesome.
"When young, I am sweet in the sun. When middle-aged, I make you gay. When old, I am valued more than ever?",Wine.
"When young, I am sweet in the sun. When middle-aged, I make you gay. When old, I am valued more than ever. What am I?",Wine.
When your undies attack you?,Wedgie.
Where are average things manufactured?,The satisfactory.
"Where are the lakes always empty, the mountains always flat and the rivers always still?",A Map.
Where can happiness always be found?,In the dictionary.
Where can you add 2 to 11 and get 1?,Clock.
Where can you add two to eleven and get one as the correct answer?,Clock.
"Where can you find cities, towns, shops and streets but no people?",A map.
"Where can you find roads without cars, forests without trees and cities without houses?",Map.
Where did Noah strike the first nail in the ark?,On the head.
Where do fish keep their money?,Riverbank.
Where do fish sleep?,In the riverbed.
Where do penguins come from?,Eggs.
Where do polar bears keep their money?,In a snowbank.
Where do sheep go to get their hair cut?,The baa-baa shop.
Where do tadpoles change?,Croakroom.
Where does a dog keep its car?,In a barking lot.
Where does Batman go to the bathroom?,The batroom.
Where does Friday come before Thursday?,In the dictionary.
Where does Monday come before Sunday?,In the dictionary.
Where does one wall meet the other wall?,In the corner.
Where does one wall meet the other wall?,On the corner.
Where does success come before work?,The dictionary.
Where does the general put his armies?,In his sleevies.
Where does the sheep get his hair cut?,The baa-baa shop.
Where does today come before yesterday?,The dictionary.
Where everyone wants to run home and stealing is encouraged?,Baseball.
Where food goes to get nuked?,Microwave.
"Where force can't get through, I with a gentle movement do. What am I?",Key.
Where humans breath liquid?,Womb.
Where is a sneeze usually pointed?,Atchoo.
Where is the largest diamond in Boston kept?,On a baseball field.
Where is the ocean deepest?,Bottom.
Where it is encouraged to slam into other vehicles?,BumperCars.
Where jewelery pierces your head?,Lobe.
Where jewelry pierces your head?,Lobe.
Where on earth do the ways always blow from the south?,North Pole.
Where was King David’s temple located?,Beside his ear.
Where was Solomon’s temple?,On the side of his head.
Where was the Declaration of Independence signed?,At the bottom.
Where was the dog when the lights went out?,In the dark.
Where were the first doughnuts fried?,In Greece (grease).
Where will you find Friday before Thursday?,In a dictionary.
Where would you take a sick boat?,To the dock.
Where you deposit the red stuff from your veins?,BloodBank.
Which bear is the most condescending?,A pan-duh.
Which bird is very rude?,The mocking bird.
Which building has the most stories?,Library.
Which building in New York has the most stories?,The public library.
Which burns longer: a wax or tallow candle?,Neither; both burn shorter.
Which bus could cross the ocean?,Columbus.
Which fish costs the most?,A goldfish.
Which is better: an old 10 dollar bill or a new one?,An old TEN dollar bill rather than a new ONE.
Which is faster: heat or cold?,Heat. You can catch a cold.
Which is heavier: a ton of bricks or a ton of feathers?,Neither—they both weigh a ton.
Which is the strongest day of the week?,Sunday; the rest are weekdays.
Which letter of the alphabet has the best eyesight?,C.
Which letter of the alphabet has the most water?,C.
Which letter of the alphabet has the most water?,The C.
Which letter of the alphabet has the most water?,"The letter ""C""."
Which letter of the alphabet is the worst to travel with?,"P, because they are always stopping to use the restroom."
Which man shaves 20 or more times a day?,A barber.
Which month has 28 days in it?,All months.
Which one of Santa’s reindeer can be seen on Valentine’s day?,Cupid.
"Which question can you never answer ""yes"" to?",Are you asleep?
Which side of a grizzly bear has the most fur?,The outside.
Which tree is the most difficult to get along with?,Crabtree.
Which vehicle is spelled the same forwards and backwards?,Racecar.
"Which weighs more, a pound of feathers or a pound of bricks?",Neither. They both weigh one pound.
Which word becomes shorter when you add 2 letters to it?,"The word ""short."""
Which word becomes shorter when you add 2 letters to it?,The word short.
Which word in the dictionary is spelled incorrectly?,Incorrectly.
Which word in the English language becomes shorter when it is lengthened?,Short.
"While I did live, I food did give, which many one did daily eat. Now being dead, you see they tread me under feet about the street?",Cow.
While you were folding a letter you got me. Usually you will do whatever it takes to avoid me but now you can't help but find me. What am I?,Paper Cut.
Whilst I was engaged in sitting. I spied the dead carrying the living?,Ship.
Whipping one of these out in the wrong setting is said to be terrible luck?,Umbrella.
"White bird, featherless, flying out of paradise. Flying over sea and land. Dying in my hand?",Snow.
"White fat and fluffy, May even look like a puppy. Seems heavy but is light, Floats about without a worry but if it turns dark you have to hurry?",Cloud.
Who always goes to sleep with his shoes on?,A horse.
Who are the two brothers who live on opposite sides of the road yet never see each other?,Eyes.
Who can only prevent forest fires?,Smokey.
Who can shave 25 times a day and still have a beard?,Barber.
Who can shave ten times a day And still have a beard?,Barber.
Who is he that runs without a leg. And his house on his back?,Snail.
Who is it that rows quickly with four oars but never comes out from under his own roof?,Turtle.
Who is the father of Mickey Mouse?,Walt Disney.
Who loves monsters and is not conservative. Doesn't like a good romance and sings about foreign men?,Lady Gaga.
"Who makes it, has no need of it. Who buys it, has no use for it. Who uses it can neither see nor feel it?",Coffin.
"Who makes it, has no need of it. Who buys it, has no use for it. Who uses it can neither see nor feel it. What is it?",Coffin.
Who plays when he works and works when he plays?,Actor.
Who prefers to travel on vines and pal around with gorillas?,Tarzan.
"Who spends the day at the window, goes to the table for meals and hides at night?",Fly.
"Who spends the day at the window, goes to the table for meals. And hides at night?",Fly.
Who was older: David or Goliath?,"David, because he rocked Goliath to sleep."
Who works when he plays and plays when he works?,Musician.
Who’s bigger? Mr. Bigger or Mr. Bigger’s baby?,Mr. Bigger’s baby—he’s a little bigger.
Whoever made me don't want me; Whoever bought me don't need me. Whoever use me don't know me. What am I?,Coffin.
"Whoever makes it, tells it not. Whoever takes it, knows it not. Whoever knows it, wants it not?",Counterfeit.
"Whoever makes it, tells it not. Whoever takes it, knows it not. Whoever knows it, wants it not. What am I?",Poison.
Whose big belly supposedly has the ability to dispense good fortune?,Buddha.
Why are bees great secret keepers?,Because they mind their beeswax.
Why are clouds like coachmen?,They hold the reins (rains).
Why are elephants wrinkly?,Because you can’t iron them.
Why are fish so smart?,Because they travel in schools.
Why are ghosts bad at lying?,Because you can see right through them.
Why are ghosts bad liars?,Because you can see right through them.
Why are ghosts so good at sports?,Because they have team spirit.
Why are ghosts such bad liars?,Because they are easy to see through.
Why are lobsters like politicians?,Because they change color when they get into hot water.
Why are peppers the best at archery?,Because they habanero.
Why are pirates called pirates?,They just ARRRR.
Why are spiders so smart?,They can find everything on the web.
Why are swimmers so great at school projects?,Because they dive right in.
Why are teddy bears never hungry?,Because they are always stuffed.
Why are the Middle Ages called the Dark Ages?,Because there were so many nights (knights).
Why aren’t koalas actual bears?,They don’t meet the koalafications.
Why can’t a nose be 12 inches long?,Because then it would be a foot.
Why can’t it rain for two days continuously?,Because there is always a night in between.
Why can’t male ants sink?,They’re buoy-ant.
Why can’t the world ever end?,Because it’s round.
Why can’t you explain puns to kleptomaniacs?,They always take things literally.
Why can't you give Elsa from Frozen a balloon?,Because she will let it go.
Why can’t you hear a pterodactyl go to the bathroom?,"Because the ""P"" is silent."
Why can’t you hear a pterodactyl going to the bathroom?,"Because the ""P"" is silent."
Why can't you trust the king of the jungle?,Because he's always lion.
Why couldn’t the bad sailor learn the alphabet?,"Because he always got lost at ""C."""
Why couldn’t the leopard play hide-and-seek?,Because he was always spotted.
Why did an old man fall in a well?,Because he couldn’t see that well.
Why did Babe Ruth make so much money?,Because a good batter makes good dough.
Why did it get so hot in the baseball stadium after the game?,All the fans left.
Why did John’s mother knit him three stockings when he was in the army?,Because John wrote her that had gotten so tall he had grown another foot.
Why did Mickey Mouse go to outer space?,He wanted to visit Pluto.
Why did Robin Hood rob only the rich?,Because the poor had no money.
Why did the belt go to jail?,Because it held up a pair of pants.
Why did the bicycle fall over?,Because it was two tired.
Why did the bicycle fall over?,Because it was two-tired.
Why did the chicken go to the séance?,To get to the other side.
Why did the citrus tree go to the hospital?,Lemon-aid.
Why did the coconut go out with a pineapple?,He couldn’t get a date.
Why did the cookie go to the hospital?,Because he felt crumby.
Why did the frog take the bus to work today?,His car got toad away.
Why did the girl go outside with her purse open?,She was expecting some change in the weather.
Why did the golfer bring two pairs of pants?,In case he got a hole in one.
Why did the golfer wear two pairs of pants?,Just in case he got a hole in one.
Why did the hipster burn his mouth?,He drank the coffee before it was cool.
Why did the kid bury his walkie-talkie?,Because the batteries died.
Why did the kid stock up on yeast?,He wanted to make some dough.
Why did the M&M go to school?,It wanted to be a Smartie.
Why did the math book look so sad?,Because it was full of problems.
Why did the moth eat the rug?,To see the floor show.
Why did the nurse need a red pen at work?,In case she needed to draw blood.
Why did the Oreo go to the dentist?,Because he lost his filling.
Why did the scarecrow win an award?,Because he was outstanding in his field.
Why did the strawberry cry?,He found himself in a jam.
Why did the tortilla chip start dancing?,Because they put on the salsa.
Why did the yogurt go to the art exhibition?,Because it was cultured.
Why didn't the melons get married?,Because they cantaloupe.
Why do bees have sticky hair?,Because they use honeycombs.
Why do bees have sticky hair?,Because they use their honeycombs.
Why do bees hum?,Because they don’t know the words.
Why do birds fly South?,Because it’s too far to walk.
Why do cats make good warriors?,Because they’ve got 9 lives.
Why do cows have hooves and not feet?,They lactose.
Why do cows wear bells?,Because their horns don’t work.
Why do ducks have feathers on their tails?,To cover their butt quacks.
Why do French people eat snails?,They don’t like fast food.
Why do hummingbirds hum?,Because they don’t know the words.
Why do lemons never get invited to parties?,Because they are always in a sour mood.
Why do mummies like Christmas so much?,Because of all the wrapping.
Why do mushrooms get invited to all the parties?,Because they are such fungis.
Why do seagulls fly over the sea?,Because if they flew over the bay they'd be Bagels.
Why do seagulls fly over the sea?,"If they flew over the bay, they would be bagels."
Why do some monkeys sell potato chips?,Because they’re chip monks.
Why do we all go to bed?,Because the bed will not come to us.
"Why do we tell actors to ""break a leg""?",Because every play has a cast.
Why do you always put on your left shoe last?,"Once you put on one, the other is left."
Why does a baby pig eat so much?,To make a hog out of himself.
Why does a giraffe eat so little?,Because a little goes a long way.
Why does a spider make a good baseball player?,Because he catches flies.
Why does Humpty Dumpty love autumn?,Because Humpty Dumpty had a great fall.
Why does the giraffe have such a long neck?,Because its head is so far from its body.
Why does Uncle Sam wear red-white-and-blue suspenders?,To hold up his pants.
Why don’t astronomers like Orion’s Belt?,It’s a big waist of space.
Why don't oysters donate to charity?,Because they are shellfish.
Why don't scientists trust atoms?,Because they make up everything.
Why don’t scientists trust atoms?,Because they make up everything.
Why don't scientists trust molecules?,Because they can't be split.
Why don't scientists trust stairs?,Because they're always up to something.
Why don't seagulls fly over the bay?,Because then they'd be bagels.
Why don't skeletons fight each other?,They don't have the guts.
Why don't some couples go to the gym?,Because some relationships don't work out.
Why don’t the circus lions eat the clowns?,Because they taste funny.
"Why is ""A"" like twelve o’clock?",Because it is in the middle of the day.
Why is a bad pin like a broken pencil?,Because it has no point.
Why is a pulled tooth like a thing forgotten?,It’s out of the head.
Why is a riddle like a parrot?,It is far-fetched and full of nonsense.
Why is a room full of married folks like an empty room?,Because there is not a single person in it.
Why is a star in the heavens like a window in the roof?,Because it’s a sky-light.
Why is a traffic cop the strongest man in the world?,Because he can hold up a 10-ton truck with one hand.
Why is an island like the letter T?,Because it’s in the middle of water.
Why is distance at sea not measured by miles?,Because it’s knot.
Why is it annoying to eat next to basketball players?,They dribble all the time.
"Why is it that whenever you are looking for something, you always find it in the last place you look?",Because you stop looking once you find it.
Why is it useless to send a letter to Washington today?,Because he died in 1799.
Why is Peter Pan always flying?,Because he Neverlands.
Why is the girl getting a suntan like a small bucket?,They’re both a little pale.
Why is the letter D like a sailor?,It follows the C (sea).
Why is the letter E like London?,They’re both the capital of England.
Why is the music teacher a good teacher?,Because she is a sound instructor.
Why is the Statue of Liberty standing in the New York harbor?,Because she can’t sit down.
Why is the Stock Exchange a den of wild beasts?,It’s full of bulls and bears.
Why is the sun like a good loaf of bread?,Because it’s light when it rises.
Why is your nose not 12 inches long?,Because then it would be a foot.
Why should a horse not be hungry on a journey?,Because he has a bit in his mouth.
Why should soldiers be tired on the first of April?,Because they just had to march 31 days.
Why should you never punish a cat?,Because it’s already purrfect.
Why should you take a ruler to bed?,To see how long you slept.
Why shouldn’t you tell secrets in a cornfield?,Too many ears.
Why shouldn't you use a broken pencil?,Because it's pointless.
Why shouldn’t you write with a broken pen?,Because it’s pointless.
Why was 6 afraid of 7?,"Because 7, 8 (ate), 9."
Why was Cinderella so bad at soccer?,She kept running away from the ball.
Why was the bee's hair always sticky?,He used a honeycomb.
Why was the fish’s grades bad?,They were below sea level.
Why was the math book sad?,Because it had a lot of unanswered problems.
Why was the math book sad?,Because it had too many problems.
Why was the watchdog spinning around and around?,He was winding himself up.
Why was Washington buried standing?,Because he couldn’t lie.
Why were the little ghosts so successful in Little League?,They had plenty of team spirit.
Why wouldn't the shrimp share his treasure?,He was a little shellfish.
"With a halo of water and a tongue of wood, stone as skin long I stood. What am I?",Castle.
"With four oars it swims but it is always at home. Its back is like armor, tougher than chrome. What is it?",Turtle.
"With hands that can't hold and eyes that can't see, she's cherished by some but has no real family. Who is she?",Doll.
With no hammer or any kind of tool I build my house so quickly. What am I?,Spider.
"With pointed fangs I sit and wait; with piercing force I crunch out fate; grabbing victims, proclaiming might; physically joining with a single bite. What am I?",A stapler.
"With pointed fangs it sits in wait, With piercing force it doles out fate, Over bloodless victims proclaiming its might, Eternally joining in a single bite?",Stapler.
"With pointed fangs it sits in wait. With piercing force it doles out fate, over bloodless victims proclaiming its might. Eternally joining in a single bite?",Stapler.
With sharp edged wit and pointed poise. It can settle disputes without making a noise?,Sword.
"With thieves I consort, With the Vilest, in short, I'm quite at ease in depravity, Yet all divines use me and savants can't lose me, For I am the century of gravity?",V.
"With three eyes and as black as night, I frequently knock down ten men with a single strike! What am I?",Bowling Ball.
With what two animals do you always go to bed?,Two calves.
"Within passion's fruit the will be found and more of them in the pomegranate's crown. Rowed they are within an apple's core, yet other fruits have them more. And though the nectarine has but one, still, this is all just in fun. Playing hide and seek- a children's game. Finding out each player is just the same?",Seeds.
"Without a bridle, or a saddle, across a thing I ride a-straddle. And those I ride, by help of me, though almost blind, are made to see?",Glasses.
"Without a bridle, or a saddle, across a thing I ride a-straddle. And those I ride, by help of me, though almost blind, are made to see. What am I?",Glasses.
"Without coolant, you'll have some trouble with this?",Radiator.
Without feather or wing I fly but you'll known what I am when I hover near by. What am I?,Helicopter.
Without it sounds would not be there but through it music’s ring is clear. It is a symbol for your woe but only if your name’s van Gogh?,Ear.
Without me everyone would lose their head. What am I?,Neck.
"Without me Thanksgiving and Christmas are incomplete, when I’m on the table everyone tends to overeat. What am I?",Turkey.
Without me where would you be? I am not your eyes but I help you see. What am I?,Light.
"Without this, eating food and Steven Spielberg's career would be very different?",Jaws.
"Without this, H2o would just be 2o?",Hydrogen.
Without what would everyone lose their head?,Neck.
Women don't have and don't want it. Men get it but sometimes they try to get rid of it. What is it?,Beard.
"Words come out of it, Aligned in perfect silence. A messenger of black on white, A slinky fellow drawing lines, Of thin and soft graphite?",Pencil.
"Written on with words of white, Has the color of the night, Is the teacher’s best delight and a student’s daily fright?",Blackboard.
"Yesterday I saw a guy spill all his Scrabble letters on the road. I asked him, ""What’s the word on the street?""?","I invented a new word. ""Plagiarism."""
"You answer me, although I never ask you questions. What am I?",Phone.
"You answer me, although I never ask you questions. What am I?",Telephone.
You are having a bad day if 12 peers deem you to be this?,Guilty.
"You are in a room with 3 monkeys. One monkey has a banana, one has a stick and one has nothing. Who is the smartest primate?",You.
You are owed one of these when someone wrongs you?,Apology.
You bought me for dinner but never eat me. What am I?,Cutlery.
You buy me to eat but I am never eaten. What am I?,A plate.
"You can always count on me, even when things go wrong. What am I?",Your fingers.
You can always see it but it's too far away to touch. Mountains rest on it and at sea it surrounds you. What is it?,Horizon.
"You can break me and I still work. If you touch me, you're mine. What am I?",Heart.
"You can break me though you can’t ever touch, hold or drop me. What am I?",A promise.
You can build or destroy. Let creativity soar but be careful at night. What am I?,Minecraft.
You can catch me but cannot throw me. What am I?,Cold.
You can do this with your friends. You can do this with your nose. But don't do it with your friend's nose?,Pick.
"You can draw me, fire me or fill me in?",Gun.
"You can read me both ways, I wear; One way it's a number, reversed a snare. What am I?",Ten.
You can see nothing else when you look in my face. I will look you in the eye and I will never lie?,Mirror.
"You can see nothing else, When you look in my face, I will look you in the eye and I will never lie?",Reflection.
"You can spin, wheel and twist but this thing can turn without moving. What is it?",Milk.
you can swallow me but I can also swallow you?,Water.
You can throw me away but I will always be coming back. What am I?,Boomerang.
You can touch me but I can’t touch you back. You can see me but I only reflect you and can never reject you. What am I?,A mirror.
"You can tumble in it, roll in it, burn it, animal eat it. Used to cover floors, still used beyond stall doors. Freshens whatever it is placed on. Absorbs whatever is poured into it?",Hay.
You can you serve it but never eat it? What is it?,A tennis ball.
You can't live without doing this and we all do it at the same time. Yet many wish it wasn't happening. What is it?,Aging.
You cannot keep me until you have given me. What am I?,Your word.
"You could do this to a motion, see it on a watch, or place this in a race?",Second.
"You cut me, slice me, dice me and all the while, you cry. What am I?",An onion.
"You deal with them and they deal chance, They show you your future at a glance. You play them and they play you back and win or lose, They go back in their pack?",Cards.
"You do not want to have me but when you have me, you do not want to lose me. What am I?",Lawsuit.
You do this into someone's ear when you want to be discreet?,Whisper.
You do this when you say goodbye to a sweetheart?,Kiss.
"You don't want this but if you have it, you don't want to lose it. What is it?",Lawsuit.
"You draw a line. Without touching it, how do you make it a longer line?",Draw a short line next to it and now it’s the longer line.
"You draw a line. Without touching it, how do you make the line longer?",You draw a shorter line next to it and it becomes the longer line.
You eat something you neither plant nor plow. It is the son of water but if water touches it. It dies. What is it?,Salt.
"You enter a dark room. You have only one match. There is an oil lamp, a furnace and a stove in the room. Which would you light first?",Match.
You feel this sensation when you are dehydrated?,Thirsty.
"You fill it and it empties, A metaphor for plenty, Depending on what half you see, It’s either full or empty?",Cup.
"You find me behind the stars; or in a sixth, seventh, or third. It takes something round, a computer and me to make pie. I am bigger than anything you can think of. What am I?",Infinity.
You get embarrassed when you stand on me when everybody is watching. Women don't like to talk about the number they see on me. Everyone stands on me when nobody is around. What am I?,Scale.
"You get many of me but never enough. After the last one, your life soon will snuff. You may have one of me but one day a year, When the last one is gone, your life disappears?",Birthday.
You get these directions from outer space?,GPS.
You have a basket that's one foot in diameter and one foot deep. How many apples can you fit in the empty basket?,"Only one, because then it's not empty anymore."
You have a five-gallon bucket and a three-gallon bucket with as much water as you need but no other measuring devices. How do you fill the five-gallon bucket with exactly four gallons of water?,"Fill the five-gallon bucket all the way up. Pour it into the three-gallon bucket until it is full. Empty the three-gallon bucket. Pour the remaining two gallons into the three-gallon bucket. Fill the five-gallon bucket all the way up, then finish filling the three-gallon bucket, leaving four gallons in the five-gallon bucket."
"You have three stoves: A gas stove, a wood stove and a coal stove but only one match. Which should you light first?",Match.
You have to travel far before you turn it over. What is it?,Odometer.
"You hear it speak, for it has a hard tongue. But it cannot breathe, for it has not a lung?",Bell.
"You hear it speak, for it has a hard tongue. But it cannot breathe, for it has not a lung. What is it?",Bell.
"You heard me before and then again. Afterward I die, until you call me again. What am I?",Echo.
"You heard me before, yet you hear me again. Then I die, 'til you call me again. What am I?",Echo.
"You heart it speak, for it has a hard tongue. But it cannot breathe, for it has not a lung?",Bell.
You hold my tail while I fish for you. What am I?,Net.
You may have many of me but never enough. After the last one arrives you will have no more. What am I?,Birthday.
You may have to assure your date's dad that you have these kind of intentions?,Honorable.
You might accuse someone living with a stolen identity of being this?,Imposter.
"You must keep this thing, its loss will affect your brothers. For once yours is lost, it will soon be lost by others. What is it?",Temper.
"You must keep this thing. Its loss will affect your brothers. For once yours is lost, it will soon be lost by others?",Temper.
You need a key to receive an answer from me. The answer you'll find is straight from your mind. What is it?,Code.
You need thousands of me to create a digital image. What am I?,Pixel.
"You roll it or you buy it, People say you shouldn’t try it, Because you may get a stroke, From inhaling all that smoke?",Cigarette.
"You saw me where I could not be. Yet, often you see me. What am I?",Reflection.
"You saw me where I never was and where I could not be. And yet within that very place, my face you often see?",Reflection.
"You see a boat filled with people, yet there isn’t a single person on board. How is that possible?",All the people on the boat are married.
"You see me a lot, especially at night. I protect something special. Many shut me in fright. What am I?",Eyelid.
"You see me once in June, twice in November and not at all in May. What am I?","The letter ""e."""
"You seek it out, When your hunger's ripe. It sits on four legs and smokes a pipe?",Stove.
"You seek me out, when your hunger's ripe. I sit on four legs and smoke a pipe. What am I?",Stove.
You shoot me but I don't die. You hang me but I don't die. What am I?,Picture.
You speak this when you are being sincere?,Truth.
You take my clothes off when you put your clothes on. What am I?,Hanger.
"You throw away my outside, you cook my inside. Then you eat my outside and you throw away my inside. What am I?",Corn.
You throw away the outside and cook the inside. Then you eat the outside and throw away the inside. What did you eat?,Corn.
You throw away the outside and cook the inside. You then eat the outside and throw away the inside?,Corn.
You throw me out when you use me and take me in when you are done. What am I?,Anchor.
"You toss the outside and cook the inside. Then, you eat the outside and toss the inside. What is it?",Corn.
You turn me over after you have traveled far. What am I?,Odometer.
You use a knife to slice my head and weep beside me when I am dead?,Onion.
You use a knife to slice my head and weep beside me when I am dead. What am I?,Onion.
You use a knife to slice my head but you weep beside me when I am dead. What am I?,Onion.
You use a knife to slice my head. And weep beside me when I am dead?,Onion.
"You use it between your head and your toes, the more it works the thinner it grows?",Soap.
"You use it between your head and your toes, the more it works the thinner it grows. What is it?",Soap.
"You use lots of me, yet right you use me when you're done. What am I?",Toilet Paper.
"You use me between your head and your toes, the more I work the thinner I grow. What am I?",Soap.
you use this from your head to your toes. the more you use it the thinner it grows?,Soap.
"You use this to clean although it is small. If you forget it, your smile will appall? What is it?",Toothbrush.
You used to come to me for all sorts of information and knowledge before internet was born. What am I?,Library.
"You walk across a bridge and you see a boat full of people, yet there isn’t a single person on board. How is that possible?",All the people on the boat are married.
"You walk into a room that contains a match, a kerosene lamp, a candle and a fireplace. What would you light first?",The match.
You went into the woods and got me. You sat down to seek me. You brought me home because you couldn't find me. What am I?,Splinter.
You will buy me to eat but never eat me. What am I?,A plate.
"You will find me with four legs but no hair. People ride me for hours but I don't go anywhere without needing to be tugged. Jerked or turned on, I always manage to be ready for work?",Desk.
You will have this response if you would go salivating at the mention of a cheeseburger?,Pavlovian.
You will hear me again. I will not appear until you call me?,Echo.
"You write on me and secrets I can keep. In places never seen. I spin like a top. Though stiff as a board, I'm often described like a mop. What am I?",Floppy Disk.
"You’ll find me in Mercury, Earth, Mars and Jupiter but not in Venus or Neptune. What am I?",The letter R.
You'll have to consult an optometrist if you want to improve this?,Sight.
You'll see savory dishes in Hong Kong sizzling in these?,Wok.
You're gonna need a bigger boat to go after one of these toothy hunters?,Sharks.
You're having a bad day if 12 peers deem you to be this?,Guilty.
"You’re running a race and at the very end, you pass the person in 2nd place. What place did you finish the race in?",You finished in 2nd place.
"Your cat does my first in your ear O were I admitted as near! In my second I've held by you, my fair, So long that I almost despair; But my prey, if at last I overtake, What a glorious third I shall make?",Purchase.
Your computer's version of white-out?,Delete.
Your mother's brother's only brother-in-law is asleep on your couch. Who is asleep on your couch?,Dad.
Your stomach's way of letting you know you've neglected it?,Grumble.
"Zoey has a very big family. She has 20 aunts, 20 uncles and 50 cousins. Each of her cousins has an aunt who is not Zoey’s aunt. How is this possible?",Their aunt is Zoey’s mom.
